category,model,product_code,spec,available_qty,coming_soon_qty,coming_soon_note,stock_date,source_page
SOFAS - INDOOR,MON-CLOUD,568 0003,3-seater / Fabric Fox Cielo FF15 / 1 Black base,1,20,New arrivals from W32,2026-08-03,2
SOFAS - INDOOR,MON-CLOUD,568 0003,3-seater / Fabric Fox Bianco FF04 / 1 Black base,5,11,,2026-08-03,2
SOFAS - INDOOR,SENGU SOFA,556 P1,"Fabric Look Corda L011 / POUF 100X100 ""L""",1,0,,2026-08-03,2
SOFAS - INDOOR,SENGU SOFA,556 90,"Fabric Look Corda L011 / CUSC.SCHIENALE 75X50 ""L""",3,0,,2026-08-03,2
SOFAS - INDOOR,SENGU BOLD,565 25,Element (right) / Fabric Look Corda L011,2,0,,2026-08-03,2
SOFAS - INDOOR,SENGU BOLD,565 30,Element (central) / Fabric Look Corda L011,2,0,,2026-08-03,2
SOFAS - INDOOR,MARALUNGA,675 07,3-seater width 274cm / Leather Scozia X201 / 4 American walnut base,3,2,,2026-08-03,3
SOFAS - INDOOR,MARALUNGA,675 07,3-seater width 274cm / Leather Scozia X606 / 3 Black base,5,0,,2026-08-03,3
SOFAS - INDOOR,MARALUNGA,675 02,2-seater sofa / Fabric Eremo Avorio E501 / 3 Black base,1,0,,2026-08-03,3
SOFAS - INDOOR,MARALUNGA,675 S6,"2-seater sofa (40 version), width 190cm / Fabric Loira Champagne L714 / 4 American walnut base",1,0,,2026-08-03,3
SOFAS - INDOOR,MARALUNGA,675 X2,"2-seater sofa (Maxi), width 214cm / Leather Scozia Ambra X201 / 3 Black base",1,0,,2026-08-03,3
SOFAS - INDOOR,SORIANA,944 E3,3-seater / Fabric Look L011 / 6 VERDE,1,0,,2026-08-03,3
SOFAS - INDOOR,SORIANA,944 E3,3-seater / Fabric Look L010 / 3 BIANCO,1,0,,2026-08-03,3
CHAISE LONGUE - INDOOR,004 CHAISE LONGUE,004 1C OE,Chaise longue / mattress in hairy skin Z229 black/brown/white / black base and chrome structure / Headrest Scozia Grafite X606,45,23,,2026-08-03,4
CHAISE LONGUE - INDOOR,004 CHAISE LONGUE,004 1C OE,Chaise longue / mattress in hairy skin Z229 black/brown/white / black base and chrome structure / Headrest LCX Grafite Y414,25,8,,2026-08-03,4
CHAISE LONGUE - INDOOR,004 CHAISE LONGUE,004 1C OE,Chaise longue / mattress in leather Scozia Grafite X606 / black base and chrome structure,10,42,,2026-08-03,4
CHAISE LONGUE - INDOOR,004 CHAISE LONGUE,004 1C OE,Chaise longue / mattress in leather LCX Grafite Y414 / black base and chrome structure,25,8,,2026-08-03,4
CHAISE LONGUE - INDOOR,001 FAUTEUIL DOSSIER BASCULANT,001 1Z,Armchair / chrome structure / hairy skin Z229 black/brown/white,17,26,,2026-08-03,4
ARMCHAIRS & CHAIRS - INDOOR,2 FAUTEUIL GRAND CONFORT PETIT MODELE,002 1C 00,Armchair / polyester padded / chrome structure / leather Scozia Grafite X606,17,15,,2026-08-03,5
ARMCHAIRS & CHAIRS - INDOOR,2 FAUTEUIL GRAND CONFORT PETIT MODELE deux places,002 2C 00,2-seats sofa / polyester padded / chrome structure / leather Scozia Grafite X606,7,0,,2026-08-03,5
ARMCHAIRS & CHAIRS - INDOOR,2 FAUTEUIL GRAND CONFORT PETIT MODELE trois places,002 GC 00,3-seats sofa / feather padded / chrome structure / leather ZZ Moka Z367,1,0,,2026-08-03,5
ARMCHAIRS & CHAIRS - INDOOR,3 FAUTEUIL GRAND CONFORT GRAND MODELE,003 EC,Armchair / feather padded cushions / chrome structure / leather LCX Scozia Grafite Y414,25,22,,2026-08-03,5
ARMCHAIRS & CHAIRS - INDOOR,3 FAUTEUIL GRAND CONFORT GRAND MODELE TROIS PLACE,003 GC,3-seater sofa / feather padded cushions / chrome structure / leather LCX Scozia Grafite Y414,14,14,,2026-08-03,5
ARMCHAIRS & CHAIRS - INDOOR,CAPITOL COMPLEX OFFICE CHAIR,051 21,Chair with arms / Vienna straw seat and back / solid wood oak stained black,2,22,New arrivals from W35,2026-08-03,6
ARMCHAIRS & CHAIRS - INDOOR,CAPITOL COMPLEX OFFICE CHAIR,0036,Additional seat cushion / Osaka Cannella,27,0,,2026-08-03,6
ARMCHAIRS & CHAIRS - INDOOR,CAPITOL COMPLEX ARMCHAIR,053 21,Small armchair with upholstered backrest and seat / frame in oak stained black / Natural Leather Z360,22,9,,2026-08-03,6
ARMCHAIRS & CHAIRS - INDOOR,CAPITOL COMPLEX ARMCHAIR,053 21,Scozia leather X201 Ambra,5,12,,2026-08-03,6
ARMCHAIRS & CHAIRS - INDOOR,CAPITOL COMPLEX CHAIR,055 21,Chair / Vienna straw seat and back / solid wood oak stained black,6,26,,2026-08-03,6
ARMCHAIRS & CHAIRS - INDOOR,CAPITOL COMPLEX CHAIR,0036,Additional seat cushion / Osaka Cannella,28,0,,2026-08-03,6
ARMCHAIRS & CHAIRS - INDOOR,SORIANA ARMCHAIR WITH DENIM CRAFTED BY ROY ROGER'S,944 R1,Copper lacquered metal structure,6,6,,2026-08-03,6
ARMCHAIRS & CHAIRS - INDOOR,UTRECHT,637 01,Fabric Lincoln Zafferano L574,21,0,,2026-08-03,7
ARMCHAIRS & CHAIRS - INDOOR,UTRECHT,637 01,Fabric Ortigia Cactus L656,11,8,,2026-08-03,7
ARMCHAIRS & CHAIRS - INDOOR,UTRECHT,637 01,Fabric Ortigia Vino L653,18,0,,2026-08-03,7
ARMCHAIRS & CHAIRS - INDOOR,UTRECHT,637 01,Fabric Ortigia Prussia L664,12,2,,2026-08-03,7
ARMCHAIRS & CHAIRS - INDOOR,UTRECHT,637 01,Fabric Fox Biscotto FF06,7,0,,2026-08-03,7
ARMCHAIRS & CHAIRS - INDOOR,UTRECHT,637 01,Fabric Ortigia Olio L683,2,10,,2026-08-03,7
ARMCHAIRS & CHAIRS - INDOOR,UTRECHT,637 01,Fabric Ortigia Prugna L654,2,0,,2026-08-03,8
ARMCHAIRS & CHAIRS - INDOOR,UTRECHT,637 01,Fabric Lincoln Blu Cobalto L585 / RED STICH,1,0,,2026-08-03,8
ARMCHAIRS & CHAIRS - INDOOR,UTRECHT,637 01,Fabric Lincoln Lampone L578 / BLU STICH,1,0,,2026-08-03,8
ARMCHAIRS & CHAIRS - INDOOR,UTRECHT,637 01,Fabric Lincoln Sabbia L572,1,0,,2026-08-03,8
ARMCHAIRS & CHAIRS - INDOOR,UTRECHT,637 01,Fabric Ortigia Marrone L682,2,0,,2026-08-03,8
ARMCHAIRS & CHAIRS - INDOOR,SOFT CORNERS,507 01,POUF 35X29CM H44CM / Fabric Tensing Nero F439,1,0,,2026-08-03,9
ARMCHAIRS & CHAIRS - INDOOR,SOFT CORNERS,507 02,POUF 45X45CM H44CM / Fabric Tensing Nero F439,2,0,,2026-08-03,9
ARMCHAIRS & CHAIRS - INDOOR,SUPERLEGGERA,699 07,Chair in ashwood / India cane seat / frame lacquered black,110,0,,2026-08-03,10
ARMCHAIRS & CHAIRS - INDOOR,LEGGERA,646 22,Chair in ashwood stained black / Black rope,9,30,New arrivals from W38,2026-08-03,10
ARMCHAIRS & CHAIRS - INDOOR,LEGGERA,646 24,Chair in ashwood stained black / Natural rope,8,50,,2026-08-03,10
ARMCHAIRS & CHAIRS - INDOOR,LEGGERA,646 60,Chair in natural ashwood / Natural rope,2,0,,2026-08-03,10
ARMCHAIRS & CHAIRS - INDOOR,HOLA,367,Scozia leather X334 MUD / black zip,42,0,,2026-08-03,11
ARMCHAIRS & CHAIRS - INDOOR,HOLA,367,Fabric Luxor Perla L023 / black zip,14,0,,2026-08-03,11
ARMCHAIRS & CHAIRS - INDOOR,HOLA,367,Leather Scozia X606 Graphite / black zip,4,0,,2026-08-03,11
ARMCHAIRS & CHAIRS - INDOOR,HOLA,367,Leather Scozia X202 Testa di Moro / black zip,6,0,,2026-08-03,11
ARMCHAIRS & CHAIRS - INDOOR,HOLA,367,Leather Scozia X333 Moka / black zip,6,0,,2026-08-03,11
ARMCHAIRS & CHAIRS - INDOOR,DUDET,562 02,Fabric Look Corda L011 / GREY ZIP / 60x51cm,17,38,,2026-08-03,12
ARMCHAIRS & CHAIRS - INDOOR,DUDET,562 01,Fabric Look L011 Corda / BLACK ZIP,22,12,,2026-08-03,12
ARMCHAIRS & CHAIRS - INDOOR,DUDET,562 02,Fabric Look White L010 / GREY ZIP / 60x51cm,19,36,,2026-08-03,12
ARMCHAIRS & CHAIRS - INDOOR,DUDET,562 01,Fabric Look White L010 / BLACK ZIP,26,0,,2026-08-03,12
ARMCHAIRS & CHAIRS - INDOOR,DUDET,562 01,Fabric Falkland Cipria F175 / BLACK ZIP,4,0,,2026-08-03,12
ARMCHAIRS & CHAIRS - INDOOR,905,905 42,Ash wood stained black / Black leather,1,0,,2026-08-03,12
ARMCHAIRS & CHAIRS - INDOOR,CAB 412,CAB 412 S1/1T,Standard chair in black saddle leather / depth 49 cm,0,4,New arrivals from W36,2026-08-03,13
ARMCHAIRS & CHAIRS - INDOOR,CAB 412,CAB 412 S1/1N,Standard chair in Russian red saddle leather / depth 49 cm,3,0,,2026-08-03,13
ARMCHAIRS & CHAIRS - INDOOR,CAB 412,CAB 412 S1/1E,Standard chair in taupe saddle leather / depth 49 cm,7,0,,2026-08-03,13
ARMCHAIRS & CHAIRS - INDOOR,CAB 412,CAB 412 S1/1C,Standard chair in natural saddle leather / depth 49 cm,2,0,,2026-08-03,13
ARMCHAIRS & CHAIRS - INDOOR,CAB 412,CAB 412 S1/1M,Standard chair in brown saddle leather / depth 49 cm,2,11,New arrivals from W35,2026-08-03,13
ARMCHAIRS & CHAIRS - INDOOR,CAB 413,CAB 413 S1/1T,"Standard chair with armrest in black saddle leather / depth 52 cm, length 62 cm",1,29,New arrivals from W36,2026-08-03,14
ARMCHAIRS & CHAIRS - INDOOR,CAB 413,CAB 413 S1/1N,"Standard chair with armrest in Russian red saddle leather / depth 52 cm, length 62 cm",2,13,New arrivals from W36,2026-08-03,14
ARMCHAIRS & CHAIRS - INDOOR,CAB 413,CAB 413 S1/1M,"Standard chair with armrest in brown saddle leather / depth 52 cm, length 62 cm",1,3,New arrivals from W36,2026-08-03,14
ARMCHAIRS & CHAIRS - INDOOR,CAB 413,CAB 413 S1/1C,"Standard chair in natural saddle leather / depth 52 cm, length 62 cm",59,0,,2026-08-03,14
ARMCHAIRS & CHAIRS - INDOOR,CAB 413,CAB 413 M1/1C,"Maxi chair in natural saddle leather / depth 57 cm, length 66 cm",7,0,,2026-08-03,14
ARMCHAIRS & CHAIRS - INDOOR,CAB 413,CAB 413 S1/1E,"Standard chair in taupe saddle leather / depth 52 cm, length 62 cm",1,26,New arrivals from W36,2026-08-03,14
TABLES & LOW TABLES - INDOOR,TREFLO,149 CV 12,Table Ø120cm / Glossy base / Verde scuro glass top,1,0,,2026-08-03,15
TABLES & LOW TABLES - INDOOR,NAAN OAK STAINED BLACK,195 02,300/95 cm / black stained oak,1,0,,2026-08-03,15
TABLES & LOW TABLES - INDOOR,NAAN OAK STAINED BLACK,195 03,205/95 cm / black stained oak,1,0,,2026-08-03,15
TABLES & LOW TABLES - INDOOR,NAAN OAK STAINED BLACK,195 B2,Extendable 180/230 cm / black stained oak,1,0,,2026-08-03,15
TABLES & LOW TABLES - INDOOR,NAAN AMERICAN WALNUT,195 42,300/95 cm / American walnut,1,0,,2026-08-03,15
TABLES & LOW TABLES - INDOOR,NAAN AMERICAN WALNUT,195 52,Extendable 240/290/340 cm / American walnut,1,0,,2026-08-03,15
TABLES & LOW TABLES - INDOOR,NAAN NATURAL OAK,195 31,Extendable 240/290/340 cm / natural oak,2,0,,2026-08-03,15
TABLES & LOW TABLES - INDOOR,NAAN SMOKED OAK,195 10,Extendable 205/255/305 cm / smoked oak,1,0,,2026-08-03,15
TABLES & LOW TABLES - INDOOR,TABLE MONTPARNASSE,545 03,"Shaped table 183 x 125 cm, h 73 cm / American walnut",2,0,,2026-08-03,16
TABLES & LOW TABLES - INDOOR,SARPI TABLE,W02 03,Metal base / glass top / 220 x 110 cm,8,0,,2026-08-03,16
TABLES & LOW TABLES - INDOOR,LC16 BUREAU PRO,016 POD10,Desk,19,0,,2026-08-03,16
TABLES & LOW TABLES - INDOOR,SENGU LOW TABLES,557,"Round coffee table Ø50, h.50 cm / marble base, structure and top in wood",33,0,,2026-08-03,17
TABLES & LOW TABLES - INDOOR,SENGU LOW TABLES,557,"Round coffee table Ø65, h.40 cm / marble base, structure and top in wood",31,0,,2026-08-03,17
TABLES & LOW TABLES - INDOOR,SENGU LOW TABLES,557,"Round coffee table Ø90, h.30 cm / marble base, structure and top in wood",21,0,,2026-08-03,17
TABLES & LOW TABLES - INDOOR,TABOURET NANTES REZE (LC),014LC,Brown & light blue lacquered,7,0,,2026-08-03,17
TABLES & LOW TABLES - INDOOR,TABOURET,01401,Chestnut,38,0,,2026-08-03,17
TABLES & LOW TABLES - INDOOR,TABOURET,01402,Oak,122,0,,2026-08-03,17
TABLES & LOW TABLES - INDOOR,9 OCCASIONAL TABLE,194 M1 49,"Round coffee table Ø40, h.49 cm / base and top Carrara marble",2,15,,2026-08-03,18
TABLES & LOW TABLES - INDOOR,9 OCCASIONAL TABLE,194 M2 49,"Round coffee table Ø40, h.49 cm / base and top Marquina marble",20,5,,2026-08-03,18
TABLES & LOW TABLES - INDOOR,9 OCCASIONAL TABLE,194 M3 49,"Round coffee table Ø40, h.49 cm / base and top Carnico marble",1,10,,2026-08-03,18
TABLES & LOW TABLES - INDOOR,9 OCCASIONAL TABLE,194 M2 44,"Round coffee table Ø40, h.44 cm / base and top Marquina marble",4,15,,2026-08-03,18
TABLES & LOW TABLES - INDOOR,9 OCCASIONAL TABLE,194 M1 49,"Round coffee table Ø40, h.44 cm / base and top Carrara marble",17,0,,2026-08-03,18
TABLES & LOW TABLES - INDOOR,9 OCCASIONAL TABLE,194 M1 49,"Round coffee table Ø40, h.49 cm / base and top American Walnut",5,0,,2026-08-03,18
TABLES & LOW TABLES - INDOOR,9 OCCASIONAL TABLE,194 VM 17,"Round coffee table Ø40, h.50 cm / base Calacatta marble / Red glass top",1,0,,2026-08-03,18
TABLES & LOW TABLES - INDOOR,9 OCCASIONAL TABLE,194 VC 22,"Round coffee table Ø40, h.55 cm / base Marquina marble / Caffè glass top",2,0,,2026-08-03,18
TABLES & LOW TABLES - INDOOR,9 OCCASIONAL TABLE,194 M4 54,"Round coffee table Ø40, h.54 cm / base and top Emperador marble",1,0,,2026-08-03,18
TABLES & LOW TABLES - INDOOR,9 OCCASIONAL TABLE,194 VM 02,"Round coffee table Ø40, h.45 cm / base Marquina marble / Red glass top",1,0,,2026-08-03,18
TABLES & LOW TABLES - INDOOR,9 OCCASIONAL TABLE,194 M4 44,"Round coffee table Ø40, h.44 cm / base and top Emperador marble",1,0,,2026-08-03,18
TABLES & LOW TABLES - INDOOR,9 OCCASIONAL TABLE,194 VC 33,"Round coffee table Ø40, h.28 cm / base Grigio Carnico marble / Caffè glass top",5,0,,2026-08-03,18
TABLES & LOW TABLES - INDOOR,TABOURET MERIBEL,523 01,Stool in natural oak,14,0,,2026-08-03,19
TABLES & LOW TABLES - INDOOR,TABOURET MERIBEL,523 02,Stool in oak stained black,21,0,,2026-08-03,19
TABLES & LOW TABLES - INDOOR,TABOURET BERGER,524 01,Stool in natural oak,13,0,,2026-08-03,19
TABLES & LOW TABLES - INDOOR,TABOURET BERGER,524 11,Stool in American walnut,70,0,,2026-08-03,19
TABLES & LOW TABLES - INDOOR,TRACCIA,W50 01,Low table / bronze fusion base / finishes in yellow gold,0,18,New arrivals from W35,2026-08-03,20
TABLES & LOW TABLES - INDOOR,CICOGNINO,834 11,Small table / ashwood stained black,0,24,New arrivals from W35,2026-08-03,20
TABLES & LOW TABLES - INDOOR,SOFT CORNERS,507 T1,Low table / brushed stainless steel,14,0,,2026-08-03,20
TABLES & LOW TABLES - INDOOR,SOFT CORNERS,507 T3,Low table / painted cast-iron colour,7,0,,2026-08-03,20
TABLES & LOW TABLES - INDOOR,ORDINAL LOW TABLE,496 M4,140X70CM / top + base M. Portoro S.,4,0,,2026-08-03,20
TABLES & LOW TABLES - INDOOR,ORDINAL LOW TABLE,496 M5,110X110CM / top + base M. Rosso Lev.,1,0,,2026-08-03,20
TABLES & LOW TABLES - INDOOR,ORDINAL LOW TABLE,496 M2,110X110CM / top + base M. Calacatta,2,0,,2026-08-03,20
TABLES & LOW TABLES - INDOOR,ORDINAL LOW TABLE,496 M2,140X70CM / top + base M. Calacatta,3,0,,2026-08-03,20
TABLES & LOW TABLES - INDOOR,ACCORDO,520 L1,Low table black base / Glossy lacquered top ROSSO CINA,1,0,,2026-08-03,21
TABLES & LOW TABLES - INDOOR,ACCORDO,520 L1,Low table black base / Glossy lacquered top NERO,2,0,,2026-08-03,21
TABLES & LOW TABLES - INDOOR,ACCORDO,520 L1,Low table black base / Glossy lacquered top MARRON GLACE',1,0,,2026-08-03,21
TABLES & LOW TABLES - INDOOR,MEX TABLES,269 10 QC,Square 109 x 109 cm / base caffè,2,0,,2026-08-03,22
TABLES & LOW TABLES - INDOOR,MEX TABLES,269 10 QR,Square 109 x 109 cm / base red brick,2,0,,2026-08-03,22
TABLES & LOW TABLES - INDOOR,MEX TABLES,269 10 RC,Rectangular 109 x 37 cm / base caffè,1,0,,2026-08-03,22
TABLES & LOW TABLES - INDOOR,MEX TABLES,269 10 TB,Ø106 cm / base white,1,0,,2026-08-03,22
TABLES & LOW TABLES - INDOOR,MEX TABLES,269 10 TC,Ø106 cm / base caffè,3,0,,2026-08-03,22
TABLES & LOW TABLES - INDOOR,MEX TABLES,269 10 TN,Ø106 cm / base black,1,0,,2026-08-03,22
TABLES & LOW TABLES - INDOOR,MEX TABLES,269 72 QB,Square 72 x 72 cm / base white,4,0,,2026-08-03,22
TABLES & LOW TABLES - INDOOR,MEX TABLES,269 72 RF,Rectangular 72 x 37 cm / base fumè,1,0,,2026-08-03,22
TABLES & LOW TABLES - INDOOR,MEX TABLES,269 72 RR,Rectangular 72 x 37 cm / base red brick,2,0,,2026-08-03,22
TABLES & LOW TABLES - INDOOR,MEX TABLES,269 72 RB,Rectangular 72 x 37 cm / base white,2,0,,2026-08-03,22
TABLES & LOW TABLES - INDOOR,MEX TABLES,269 17 VC,Oval 170X106 cm / base caffè,4,0,,2026-08-03,22
CABINETS - INDOOR,NUAGE,5266H00A,"BOOK SHELF ""MX"" / width 292 depth 35 height 254 / black stained oak shelves / aluminium vertical elements",1,0,,2026-08-03,23
CABINETS - INDOOR,NUAGE,5266C00A,"BOOK SHELF ""MX"" / width 292 depth 35 height 254 / natural oak shelves / aluminium vertical elements",1,0,,2026-08-03,23
CABINETS - INDOOR,RIFLESSO,513 11,Container / solid wood mahogany / natural aluminium doors,3,0,,2026-08-03,23
CABINETS - INDOOR,RIFLESSO,513 12,Container / solid wood mahogany / black doors,5,0,,2026-08-03,23
CABINETS - INDOOR,BRAMANTE,W51B3L2,Cabinet 167X88.5X44 CM / polished / 1 shelf with LED light / PETROLIO,1,0,,2026-08-03,24
CABINETS - INDOOR,BRAMANTE,W51B3L2,Cabinet 167X88.5X44 CM / polished / 1 shelf with LED light / NERO,1,0,,2026-08-03,24
CABINETS - INDOOR,BRAMANTE,W5102L0,Cabinet 100X132X44 CM / polished / NERO,1,0,,2026-08-03,24
CABINETS - INDOOR,BRAMANTE,W5114L0,Cabinet 234X88.5X44 CM / polished / ROSSO AMARANTO,1,0,,2026-08-03,24
CABINETS - INDOOR,BRAMANTE,W5188I0,Cabinet 234X88.5X44 CM / polished / VERDE SALVIA,1,0,,2026-08-03,24
CABINETS - INDOOR,ELLING BUFFET,636 11,Container unit with solid wood structure / wooden doors and drawer / ashwood stained black,3,0,,2026-08-03,24
CABINETS - INDOOR,ELLING BUFFET,636 10,Container unit with solid wood structure / wooden doors and drawer / ashwood stained natural,1,0,,2026-08-03,24
CABINETS - INDOOR,HAYAMA,555 01,"Cabinet with flap doors opening / Glossy lacquer, plain doors / LP-ROSSO AMARANTO - 9305",1,0,,2026-08-03,25
CABINETS - INDOOR,HAYAMA,555 01,"Cabinet with flap doors opening / Glossy lacquer, plain doors / LP-NERO - 9314",3,0,,2026-08-03,25
CABINETS - INDOOR,HAYAMA,555 01,"Cabinet with flap doors opening / Glossy lacquer, plain doors / LP-MARRON GLACE' - 9327",3,0,,2026-08-03,25
CABINETS - INDOOR,HAYAMA,555 01,"Cabinet with flap doors opening / Glossy lacquer, plain doors / LP-COMFORT - 9332",1,0,,2026-08-03,25
CABINETS - INDOOR,HAYAMA,555 01,"Cabinet with flap doors opening / Glossy lacquer, plain doors / LP-POLVERE - 9342",3,0,,2026-08-03,25
CABINETS - INDOOR,HAYAMA,555 01,"Cabinet with flap doors opening / Glossy lacquer, plain doors / LP-GRIGIO CENERE - 9344",7,0,,2026-08-03,25
CABINETS - INDOOR,HAYAMA,555 01,"Cabinet with flap doors opening / Glossy lacquer, plain doors / LP-PINOT NOIR - 9345",2,0,,2026-08-03,25
CABINETS - INDOOR,HAYAMA,555 A1,"Cabinet with flap doors opening / Glossy lacquered, canneté effect doors / LP-MARRON GLACE' - 9327",8,0,,2026-08-03,25
CABINETS - INDOOR,HAYAMA,555 A1,"Cabinet with flap doors opening / Glossy lacquered, canneté effect doors / LP-NERO - 9314",6,0,,2026-08-03,25
CABINETS - INDOOR,HAYAMA,555 A1,"Cabinet with flap doors opening / Glossy lacquered, canneté effect doors / LP-COMFORT - 9332",1,0,,2026-08-03,25
CABINETS - INDOOR,HAYAMA,555 A1,"Cabinet with flap doors opening / Glossy lacquered, canneté effect doors / LP-POLVERE - 9342",7,0,,2026-08-03,25
CABINETS - INDOOR,HAYAMA,555 A1,"Cabinet with flap doors opening / Glossy lacquered, canneté effect doors / LP-CREMA - 9343",1,0,,2026-08-03,25
CABINETS - INDOOR,HAYAMA,555 A1,"Cabinet with flap doors opening / Glossy lacquered, canneté effect doors / LP-GRIGIO CENERE - 9344",3,0,,2026-08-03,25
CABINETS - INDOOR,HIGH CUPBOARD WITH 2 LACQUERED SHELVES & LED LIGHT,555 02,"Glossy lacquer, plain doors / LP-ROSSO CINA - 9303",1,0,,2026-08-03,26
CABINETS - INDOOR,HIGH CUPBOARD WITH 2 LACQUERED SHELVES & LED LIGHT,555 02,"Glossy lacquer, plain doors / LP-ROSSO AMARANTO - 9305",6,0,,2026-08-03,26
CABINETS - INDOOR,HIGH CUPBOARD WITH 2 LACQUERED SHELVES & LED LIGHT,555 02,"Glossy lacquer, plain doors / LP-MARRON GLACE' - 9327",8,0,,2026-08-03,26
CABINETS - INDOOR,HIGH CUPBOARD WITH 2 LACQUERED SHELVES & LED LIGHT,555 02,"Glossy lacquer, plain doors / LP-POLVERE - 9342",5,0,,2026-08-03,26
CABINETS - INDOOR,HIGH CUPBOARD WITH 2 LACQUERED SHELVES & LED LIGHT,555 02,"Glossy lacquer, plain doors / LP-CREMA - 9343",1,0,,2026-08-03,26
CABINETS - INDOOR,HIGH CUPBOARD WITH 2 LACQUERED SHELVES & LED LIGHT,555 02,"Glossy lacquer, plain doors / LP-PINOT NOIR - 9345",3,0,,2026-08-03,26
CABINETS - INDOOR,HIGH CUPBOARD WITH 2 LACQUERED SHELVES & LED LIGHT,555 A2,"Glossy lacquered, canneté effect doors / LP-ROSSO CINA - 9303",3,0,,2026-08-03,26
CABINETS - INDOOR,HIGH CUPBOARD WITH 2 LACQUERED SHELVES & LED LIGHT,555 A2,"Glossy lacquered, canneté effect doors / LP-ROSSO AMARANTO - 9305",3,0,,2026-08-03,26
CABINETS - INDOOR,HIGH CUPBOARD WITH 2 LACQUERED SHELVES & LED LIGHT,555 A2,"Glossy lacquered, canneté effect doors / LP-NERO - 9314",4,0,,2026-08-03,26
CABINETS - INDOOR,HIGH CUPBOARD WITH 2 LACQUERED SHELVES & LED LIGHT,555 A2,"Glossy lacquered, canneté effect doors / LP-COMFORT - 9332",4,0,,2026-08-03,26
CABINETS - INDOOR,HIGH CUPBOARD WITH 2 LACQUERED SHELVES & LED LIGHT,555 A2,"Glossy lacquered, canneté effect doors / LP-PETROLIO - 9339",3,0,,2026-08-03,26
CABINETS - INDOOR,HIGH CUPBOARD WITH 2 LACQUERED SHELVES & LED LIGHT,555 A2,"Glossy lacquered, canneté effect doors / LP-POLVERE - 9342",4,0,,2026-08-03,26
CABINETS - INDOOR,HIGH CUPBOARD WITH 2 LACQUERED SHELVES & LED LIGHT,555 A2,"Glossy lacquered, canneté effect doors / LP-PINOT NOIR - 9345",4,0,,2026-08-03,26
CABINETS - INDOOR,"HIGH BAR SIDEBOARD WITH 1 GLASS SHELF AND LED LIGHT, MIRRORED TOP, 2 PULL-OUT DRAWERS",555 03,"Glossy lacquer, plain doors / LP-BLU NOTTE - 9306",4,0,,2026-08-03,26
CABINETS - INDOOR,"HIGH BAR SIDEBOARD WITH 1 GLASS SHELF AND LED LIGHT, MIRRORED TOP, 2 PULL-OUT DRAWERS",555 03,"Glossy lacquer, plain doors / LP-PETROLIO - 9339",3,0,,2026-08-03,26
CABINETS - INDOOR,"HIGH BAR SIDEBOARD WITH 1 GLASS SHELF AND LED LIGHT, MIRRORED TOP, 2 PULL-OUT DRAWERS",555 03,"Glossy lacquer, plain doors / LP-POLVERE - 9342",4,0,,2026-08-03,26
CABINETS - INDOOR,"HIGH BAR SIDEBOARD WITH 1 GLASS SHELF AND LED LIGHT, MIRRORED TOP, 2 PULL-OUT DRAWERS",555 03,"Glossy lacquer, plain doors / LP-CREMA - 9343",2,0,,2026-08-03,26
CABINETS - INDOOR,"HIGH BAR SIDEBOARD WITH 1 GLASS SHELF AND LED LIGHT, MIRRORED TOP, 2 PULL-OUT DRAWERS",555 A3,"Glossy lacquered, canneté effect doors / LP-ROSSO CINA - 9303",1,0,,2026-08-03,26
CABINETS - INDOOR,"HIGH BAR SIDEBOARD WITH 1 GLASS SHELF AND LED LIGHT, MIRRORED TOP, 2 PULL-OUT DRAWERS",555 A3,"Glossy lacquered, canneté effect doors / LP-ROSSO AMARANTO - 9305",4,0,,2026-08-03,26
CABINETS - INDOOR,"HIGH BAR SIDEBOARD WITH 1 GLASS SHELF AND LED LIGHT, MIRRORED TOP, 2 PULL-OUT DRAWERS",555 A3,"Glossy lacquered, canneté effect doors / LP-COMFORT - 9332",2,0,,2026-08-03,26
CABINETS - INDOOR,"HIGH BAR SIDEBOARD WITH 1 GLASS SHELF AND LED LIGHT, MIRRORED TOP, 2 PULL-OUT DRAWERS",555 A3,"Glossy lacquered, canneté effect doors / LP-PETROLIO - 9339",4,0,,2026-08-03,26
CABINETS - INDOOR,"HIGH BAR SIDEBOARD WITH 1 GLASS SHELF AND LED LIGHT, MIRRORED TOP, 2 PULL-OUT DRAWERS",555 A3,"Glossy lacquered, canneté effect doors / LP-POLVERE - 9342",3,0,,2026-08-03,26
CABINETS - INDOOR,"HIGH BAR SIDEBOARD WITH 1 GLASS SHELF AND LED LIGHT, MIRRORED TOP, 2 PULL-OUT DRAWERS",555 A3,"Glossy lacquered, canneté effect doors / LP-GRIGIO CENERE - 9344",4,0,,2026-08-03,26
CABINETS - INDOOR,"HIGH BAR SIDEBOARD WITH 1 GLASS SHELF AND LED LIGHT, MIRRORED TOP, 2 PULL-OUT DRAWERS",555 A3,"Glossy lacquered, canneté effect doors / LP-PINOT NOIR - 9345",1,0,,2026-08-03,26
