brand,category,product_name,image_url,size,spec,total_qty,available_qty,dp_qty,coming_qty,remark,price,stock_date,source_slide
VITRA,CHAIRS,STANDARD,https://static.vitra.com/media-resized/UIwsWDANZly8HYirr_v--58w0A4Y3IFzERD1QuWj55I/fill/1440/576/ce/0/aHR0cDovL3ZpdHJhLWZyb250ZW5kLWluZ3Jlc3Mtc3RhdGljLXNraXBwZXI6OTk5OS9tZWRpYS9hc3NldC82NDI0NjQ4L3N0b3JhZ2Uvdl9mdWxsYmxlZWRfMTQ0MHgvNzIwNjE2NzguanBn.jpg,Size : W420 X D490 X H465-820,Oak / Prouvé Bleu Marcoule,4,4,0,0,,,2026-08-12,1
VITRA,CHAIRS,All Plastic,https://inscale.co.kr/web/product/medium/202308/be73ad395cfc79c0483eeddd42e6e447.jpg,Size : W425 × D460 × H445-760,04 Ivy two-tone,1,0,1,0,,,2026-08-12,2
VITRA,CHAIRS,EVO-C,https://inscale.co.kr/web/product/medium/202308/b151e0bbafbcb13c1018ed344e9ae0af.jpg,Size : W465 X D510 X H440-815,Ivory,1,0,1,0,,,2026-08-12,2
VITRA,CHAIRS,PANTON CHAIR,https://static.vitra.com/media-resized/LxlvEeUETR3EslEtA3FjLSMypKDdUBlitEDzXl3WLVw/fill/1440/576/ce/0/aHR0cDovL3ZpdHJhLWZyb250ZW5kLWluZ3Jlc3Mtc3RhdGljLXNraXBwZXI6OTk5OS9tZWRpYS9hc3NldC85NTg4MTgyL3N0b3JhZ2Uvdl9mdWxsYmxlZWRfMTQ0MHgvODc1NTQ5NjcuanBn.jpg,Size : W500 X D610 X H440-860,01 White,11,10,1,0,,,2026-08-12,3
VITRA,CHAIRS,PANTON CHAIR,https://static.vitra.com/media-resized/LxlvEeUETR3EslEtA3FjLSMypKDdUBlitEDzXl3WLVw/fill/1440/576/ce/0/aHR0cDovL3ZpdHJhLWZyb250ZW5kLWluZ3Jlc3Mtc3RhdGljLXNraXBwZXI6OTk5OS9tZWRpYS9hc3NldC85NTg4MTgyL3N0b3JhZ2Uvdl9mdWxsYmxlZWRfMTQ0MHgvODc1NTQ5NjcuanBn.jpg,Size : W500 X D610 X H440-860,98 Bordeaux,10,10,0,0,,,2026-08-12,3
VITRA,CHAIRS,PANTON CHAIR,https://static.vitra.com/media-resized/LxlvEeUETR3EslEtA3FjLSMypKDdUBlitEDzXl3WLVw/fill/1440/576/ce/0/aHR0cDovL3ZpdHJhLWZyb250ZW5kLWluZ3Jlc3Mtc3RhdGljLXNraXBwZXI6OTk5OS9tZWRpYS9hc3NldC85NTg4MTgyL3N0b3JhZ2Uvdl9mdWxsYmxlZWRfMTQ0MHgvODc1NTQ5NjcuanBn.jpg,Size : W500 X D610 X H440-860,12 Deep black,6,6,0,0,,,2026-08-12,3
VITRA,CHAIRS,PANTON JUNIOR,https://static.vitra.com/media-resized/vZ1-sc2N3PjecMS_przgylnlwkdiYoTblU9BjRgDN10/fill/1440/576/ce/0/aHR0cDovL3ZpdHJhLWZyb250ZW5kLWluZ3Jlc3Mtc3RhdGljLXNraXBwZXI6OTk5OS9tZWRpYS9hc3NldC80NTI1NTMwL3N0b3JhZ2Uvdl9mdWxsYmxlZWRfMTQ0MHgvNTU1MDM3NDQuanBn.jpg,Size : W376 X D446 X H348-628,96 Golden yellow,4,4,0,0,,,2026-08-12,3
VITRA,CHAIRS,PANTON JUNIOR,https://static.vitra.com/media-resized/vZ1-sc2N3PjecMS_przgylnlwkdiYoTblU9BjRgDN10/fill/1440/576/ce/0/aHR0cDovL3ZpdHJhLWZyb250ZW5kLWluZ3Jlc3Mtc3RhdGljLXNraXBwZXI6OTk5OS9tZWRpYS9hc3NldC80NTI1NTMwL3N0b3JhZ2Uvdl9mdWxsYmxlZWRfMTQ0MHgvNTU1MDM3NDQuanBn.jpg,Size : W376 X D446 X H348-628,41 pale rose,3,3,0,0,소장님 1개,,2026-08-12,3
VITRA,CHAIRS,PANTON JUNIOR,https://static.vitra.com/media-resized/vZ1-sc2N3PjecMS_przgylnlwkdiYoTblU9BjRgDN10/fill/1440/576/ce/0/aHR0cDovL3ZpdHJhLWZyb250ZW5kLWluZ3Jlc3Mtc3RhdGljLXNraXBwZXI6OTk5OS9tZWRpYS9hc3NldC80NTI1NTMwL3N0b3JhZ2Uvdl9mdWxsYmxlZWRfMTQ0MHgvNTU1MDM3NDQuanBn.jpg,Size : W376 X D446 X H348-628,83 Sea blue,4,4,0,0,,,2026-08-12,3
VITRA,CHAIRS,.04,,Size: W565*D446*H805-930,Dark Green,1,0,1,0,,"₩2,130,000",2026-08-12,4
VITRA,LOUNGE,LA CHAISE,https://static.vitra.com/media-resized/kJu6EIzgQoCxpm7SBYXVp4D6bU-Q0NtJsptgTnw9T2g/fill/1440/576/ce/0/aHR0cDovL3ZpdHJhLWZyb250ZW5kLWluZ3Jlc3Mtc3RhdGljLXNraXBwZXI6OTk5OS9tZWRpYS9hc3NldC8zMDcyMzE0L3N0b3JhZ2Uvdl9mdWxsYmxlZWRfMTQ0MHgvNDMyMzkyNDIuanBn.jpg,Size : W680 × D950 × H335-840,"Oak, hard-wax oil finish / Shell in white",1,0,1,0,미래농원 DP,,2026-08-12,5
VITRA,TABLES,EM TABLE,https://inscale.co.kr/web/product/big/202507/25c394de80a921b7d8e318c054520bb6.jpg,,033 : W1800 × D900 × H740 / Oak veneer / Ecru,1,1,0,0,,,2026-08-12,6
VITRA,TABLES,EM TABLE,https://inscale.co.kr/web/product/big/202507/25c394de80a921b7d8e318c054520bb6.jpg,,034 : W2000 × D900 × H740 / Oak veneer / Ecru,1,1,0,0,,,2026-08-12,6
VITRA,TABLES,EM TABLE,https://inscale.co.kr/web/product/big/202507/25c394de80a921b7d8e318c054520bb6.jpg,,035 : W2200 × D900 × H740 / Solid Oak / Black,1,1,0,0,,,2026-08-12,6
VITRA,TABLES,EM TABLE,https://inscale.co.kr/web/product/big/202507/25c394de80a921b7d8e318c054520bb6.jpg,,035 : W2200 × D900 × H740 / Solid Oak / Prouvé Bleu Marcoule,1,1,0,0,,,2026-08-12,6
VITRA,TABLES,EM TABLE (HPL),https://inscale.co.kr/web/product/big/202507/25c394de80a921b7d8e318c054520bb6.jpg,,038 : W1800 × D900 × H740 / ivory / Prouvé Gris Vermeer,1,0,1,0,,,2026-08-12,6
VITRA,TABLES,EM TABLE (HPL),https://inscale.co.kr/web/product/big/202507/25c394de80a921b7d8e318c054520bb6.jpg,,038 : W1800 × D900 × H740 / ivory / Prouvé Blé Vert,1,1,0,0,,,2026-08-12,6
VITRA,TABLES,GUERIDON,https://inscale.co.kr/web/product/big/202312/f22c1217c6899056f15d5bfb4187f52d.jpg,Size : Ø1050 X H740,"Oak, Natural, Oiled",1,1,0,0,,,2026-08-12,7
VITRA,SOFAS,Anagram Soft,https://inscale.co.kr/web/product/big/202606/43f647d6ca61e1f578e045009d130494.jpg,Size : W1900 × D950 × H420-800 / Platform : W1800 x D900 / Panel : 900mm x 2 / Back cushion : 900mm x 1 / Table : Ø350,F100.Nubia : ivory / Table : Natural Oak,1,0,1,0,,,2026-08-12,8
VITRA,TABLES,NOGUCHI COFFEE TABLE,https://static.vitra.com/media-resized/BVozeyAkriTMKtiYPip6i1Xrpmey1geMhTAW_Z8FzAY/fill/1440/576/ce/0/aHR0cDovL3ZpdHJhLWZyb250ZW5kLWluZ3Jlc3Mtc3RhdGljLXNraXBwZXI6OTk5OS9tZWRpYS9hc3NldC85MDU1MjI2L3N0b3JhZ2Uvdl9mdWxsYmxlZWRfMTQ0MHgvODI4MDMyNTMuanBn.jpg,Size : W1280 × D920 × H400,"Top : Glass / Base : Maple, Natural lacquerd",1,0,1,0,,,2026-08-12,9
VITRA,TABLES,NOGUCHI COFFEE TABLE,https://static.vitra.com/media-resized/BVozeyAkriTMKtiYPip6i1Xrpmey1geMhTAW_Z8FzAY/fill/1440/576/ce/0/aHR0cDovL3ZpdHJhLWZyb250ZW5kLWluZ3Jlc3Mtc3RhdGljLXNraXBwZXI6OTk5OS9tZWRpYS9hc3NldC85MDU1MjI2L3N0b3JhZ2Uvdl9mdWxsYmxlZWRfMTQ0MHgvODI4MDMyNTMuanBn.jpg,Size : W1280 × D920 × H400,"Top : Glass / Base : Walnut, Natural lacquerd",1,0,0,1,,,2026-08-12,9
VITRA,TABLES,METAL SIDE TABLE,https://static.vitra.com/media-resized/pKSt0soDwj2xaqeCqubX_eINqrenv75LzmVUBSlUlok/fill/1440/576/ce/0/aHR0cDovL3ZpdHJhLWZyb250ZW5kLWluZ3Jlc3Mtc3RhdGljLXNraXBwZXI6OTk5OS9tZWRpYS9hc3NldC8xMzY0OTQ2L3N0b3JhZ2Uvdl9mdWxsYmxlZWRfMTQ0MHgvNDQxMjcyMTEuanBn.jpg,SMALL : W315 X D315 X H380 / MEDIUM : W400 X D400 X H445 / LARGE : W700 X D315 X H355,Small / White,1,0,1,0,,,2026-08-12,9
VITRA,TABLES,METAL SIDE TABLE,https://static.vitra.com/media-resized/pKSt0soDwj2xaqeCqubX_eINqrenv75LzmVUBSlUlok/fill/1440/576/ce/0/aHR0cDovL3ZpdHJhLWZyb250ZW5kLWluZ3Jlc3Mtc3RhdGljLXNraXBwZXI6OTk5OS9tZWRpYS9hc3NldC8xMzY0OTQ2L3N0b3JhZ2Uvdl9mdWxsYmxlZWRfMTQ0MHgvNDQxMjcyMTEuanBn.jpg,SMALL : W315 X D315 X H380 / MEDIUM : W400 X D400 X H445 / LARGE : W700 X D315 X H355,Large / White,1,0,1,0,,,2026-08-12,9
VITRA,TABLES,WOODEN SIDE TABLE,https://static.vitra.com/media-resized/SX5rCxZmBpNYNFsdN6U7ggvrEkiZMULJdWeyZaF1czc/fill/1440/577/ce/0/aHR0cDovL3ZpdHJhLWZyb250ZW5kLWluZ3Jlc3Mtc3RhdGljLXNraXBwZXI6OTk5OS9tZWRpYS9hc3NldC8zMDQ2NTI4L3N0b3JhZ2Uvdl9mdWxsYmxlZWRfMTQ0MHgvNDI5MjEzMTIuanBn.jpg,SMALL : W315 X D315 X H390 / MEDIUM : W400 X D400 X H455 / LARGE : W700 X D315 X H365,Small / Oak,2,1,1,0,,,2026-08-12,9
VITRA,TABLES,WOODEN SIDE TABLE,https://static.vitra.com/media-resized/SX5rCxZmBpNYNFsdN6U7ggvrEkiZMULJdWeyZaF1czc/fill/1440/577/ce/0/aHR0cDovL3ZpdHJhLWZyb250ZW5kLWluZ3Jlc3Mtc3RhdGljLXNraXBwZXI6OTk5OS9tZWRpYS9hc3NldC8zMDQ2NTI4L3N0b3JhZ2Uvdl9mdWxsYmxlZWRfMTQ0MHgvNDI5MjEzMTIuanBn.jpg,SMALL : W315 X D315 X H390 / MEDIUM : W400 X D400 X H455 / LARGE : W700 X D315 X H365,Medium / Oak,2,1,1,0,,,2026-08-12,9
VITRA,TABLES,WOODEN SIDE TABLE,https://static.vitra.com/media-resized/SX5rCxZmBpNYNFsdN6U7ggvrEkiZMULJdWeyZaF1czc/fill/1440/577/ce/0/aHR0cDovL3ZpdHJhLWZyb250ZW5kLWluZ3Jlc3Mtc3RhdGljLXNraXBwZXI6OTk5OS9tZWRpYS9hc3NldC8zMDQ2NTI4L3N0b3JhZ2Uvdl9mdWxsYmxlZWRfMTQ0MHgvNDI5MjEzMTIuanBn.jpg,SMALL : W315 X D315 X H390 / MEDIUM : W400 X D400 X H455 / LARGE : W700 X D315 X H365,Large / Oak,2,1,1,0,,,2026-08-12,9
VITRA,STOOLS,WIGGLE STOOL CHAIR,https://static.vitra.com/media-resized/t8AALoyalsvAjd_fQVhN0gUUhhp44X3rQpf0zeuhngo/fill/1440/576/ce/0/aHR0cDovL3ZpdHJhLWZyb250ZW5kLWluZ3Jlc3Mtc3RhdGljLXNraXBwZXI6OTk5OS9tZWRpYS9hc3NldC8xMzY0Nzc3L3N0b3JhZ2Uvdl9mdWxsYmxlZWRfMTQ0MHgvMzMyNjQzMTMuanBn.jpg,Size : W350 × D610 × H430-870,Hardboard panel / natural,2,0,2,0,,,2026-08-12,10
VITRA,STOOLS,WIGGIE STOOL,https://static.vitra.com/media-resized/NjssWYMIDicv3V2FOAFhZ56OSXtHeWUVm2TOmd3rBTw/fill/1440/576/ce/0/aHR0cDovL3ZpdHJhLWZyb250ZW5kLWluZ3Jlc3Mtc3RhdGljLXNraXBwZXI6OTk5OS9tZWRpYS9hc3NldC8xMzY0Nzc1L3N0b3JhZ2Uvdl9mdWxsYmxlZWRfMTQ0MHgvMzMyNjQzNDAuanBn.jpg,Size : W400 X D430 X H406,Hardboard panel / natural,1,0,1,0,,,2026-08-12,10
VITRA,STOOLS,TABOURET BOIS,https://static.vitra.com/media-resized/bOECHxHOg2wgwWVq9XbvVyA2rDYp_vSNmCkpvj_7P7g/fill/1440/576/ce/0/aHR0cDovL3ZpdHJhLWZyb250ZW5kLWluZ3Jlc3Mtc3RhdGljLXNraXBwZXI6OTk5OS9tZWRpYS9hc3NldC82OTU3Mzg3L3N0b3JhZ2Uvdl9mdWxsYmxlZWRfMTQ0MHgvNzY2NDMxNDYuanBn.jpg,Size : Ø350 X H450,Natural Oak,1,0,1,0,,,2026-08-12,10
VITRA,STOOLS,ALUMINIUM STOOL,https://www.vitra.com/en-as/_storage/asset/9557501/storage/v_thumb_250x/87415848.jpg,Size : W390 X D405 X H460,RIMOWA grooved aluminium / Papyrus,1,0,1,0,RIMOWA x Vitra,,2026-08-12,10
VITRA,STOOLS,TABOURET METALLIQUE,https://www.vitra.com/en-as/_storage/asset/6594926/storage/v_thumb_250x/81983798.jpg,Size : Ø380 X H445,Ecru,1,0,1,0,,,2026-08-12,10
VITRA,STOOLS,TABOURET METALLIQUE,https://www.vitra.com/en-as/_storage/asset/6594926/storage/v_thumb_250x/81983798.jpg,Size : Ø380 X H445,Blue,1,0,1,0,,,2026-08-12,10
VITRA,STOOLS,CHAP,https://static.vitra.com/media-resized/89lkxPEW5PPz_-j7DrbAmqO-oiNIWL7j7-KQiq6_PMg/fill/1440/576/ce/0/aHR0cDovL3ZpdHJhLWZyb250ZW5kLWluZ3Jlc3Mtc3RhdGljLXNraXBwZXI6OTk5OS9tZWRpYS9hc3NldC81NDk0OTM5L3N0b3JhZ2Uvdl9mdWxsYmxlZWRfMTQ0MHgvNjA5MjQxMzAuanBn.jpg,Size : W430 X D430 X H455 / Tray : W415 X D200 X H65,Black,1,0,1,0,,,2026-08-12,11
VITRA,STOOLS,CORK FAMILY C,https://static.vitra.com/media-resized/pLtpdLI6scZCPyGQ_TbN0uQ4t76-Y1XA0btptK_sDOA/fill/1440/576/ce/0/aHR0cDovL3ZpdHJhLWZyb250ZW5kLWluZ3Jlc3Mtc3RhdGljLXNraXBwZXI6OTk5OS9tZWRpYS9hc3NldC8zNDgzODA1L3N0b3JhZ2Uvdl9mdWxsYmxlZWRfMTQ0MHgvNDc2ODEyNDUuanBn.jpg,Size : Ø310 X H330,,1,0,1,0,,,2026-08-12,11
VITRA,ACCESSORIES,Mobile Elements Follow Me 1,https://static.vitra.com/media-resized/WT-uzkAnWFFw-xSzIzSSVypraTpSaOdNfVQREsnmtvA/fill/1440/576/ce/0/aHR0cDovL3ZpdHJhLWZyb250ZW5kLWluZ3Jlc3Mtc3RhdGljLXNraXBwZXI6OTk5OS9tZWRpYS9hc3NldC8xNjEzMzkzL3N0b3JhZ2Uvdl9mdWxsYmxlZWRfMTQ0MHgvMzgyOTE0NzYuanBn.jpg,Size : W420 x D420 x H620,Carcass 52 soft light / Shutter : Metal / 2 tray,3,0,0,3,,,2026-08-12,12
VITRA,ACCESSORIES,Mobile Elements Follow Me 2,https://static.vitra.com/media-resized/vvkDwaNYAdn5_O2O7w5l0Dz3c59u-1L-6os0haGC4ak/fill/1440/576/ce/0/aHR0cDovL3ZpdHJhLWZyb250ZW5kLWluZ3Jlc3Mtc3RhdGljLXNraXBwZXI6OTk5OS9tZWRpYS9hc3NldC8xNjEzMzk3L3N0b3JhZ2Uvdl9mdWxsYmxlZWRfMTQ0MHgvMzgyOTE0MjAuanBn.jpg,Size : W420 x D420 x H875,Carcass 52 soft light / Shutter : Metal / 2 tray,2,0,0,2,,,2026-08-12,12
VITRA,ACCESSORIES,Panton Wire Single,https://inscale.co.kr/web/product/medium/202606/064e552d4afe8e89de5b41434f3621e5.jpg,Size : W348 x D348 x H348,pine,2,0,2,0,,,2026-08-12,12
VITRA,ACCESSORIES,Panton Wire Single,https://inscale.co.kr/web/product/medium/202606/064e552d4afe8e89de5b41434f3621e5.jpg,Size : W348 x D348 x H348,black,2,0,2,0,,,2026-08-12,12
VITRA,ACCESSORIES,REPAD,https://static.vitra.com/media-resized/utEKZRCFyg3C4vEX8hjgecL5O042IjyzVmWBZB_YC8U/fill/1440/576/ce/0/aHR0cDovL3ZpdHJhLWZyb250ZW5kLWluZ3Jlc3Mtc3RhdGljLXNraXBwZXI6OTk5OS9tZWRpYS9hc3NldC83NDU2MjQ5L3N0b3JhZ2Uvdl9mdWxsYmxlZWRfMTQ0MHgvNzc0MzM0NjQuanBn.jpg,Size : W700 X D480,Bonded leather / Dark Red,2,1,1,0,,,2026-08-12,12
VITRA,ACCESSORIES,REPAD,https://static.vitra.com/media-resized/utEKZRCFyg3C4vEX8hjgecL5O042IjyzVmWBZB_YC8U/fill/1440/576/ce/0/aHR0cDovL3ZpdHJhLWZyb250ZW5kLWluZ3Jlc3Mtc3RhdGljLXNraXBwZXI6OTk5OS9tZWRpYS9hc3NldC83NDU2MjQ5L3N0b3JhZ2Uvdl9mdWxsYmxlZWRfMTQ0MHgvNzc0MzM0NjQuanBn.jpg,Size : W700 X D480,Bonded leather / Jade,3,3,0,0,,,2026-08-12,12
VITRA,ACCESSORIES,CORNICHES,https://static.vitra.com/media-resized/1cLZeBN8nY-PSfHBjmNcqJiJ17PdMyI-4Ugfcalqwy4/fill/1440/810/ce/0/aHR0cDovL3ZpdHJhLWZyb250ZW5kLWluZ3Jlc3Mtc3RhdGljLXNraXBwZXI6OTk5OS9tZWRpYS9hc3NldC8xNTMzMDcyL3N0b3JhZ2Uvdl9mdWxsYmxlZWRfMTQ0MHgvMjQzODQ5MzMuanBn.jpg,,White / Small,2,0,2,0,,,2026-08-12,13
VITRA,ACCESSORIES,CORNICHES,https://static.vitra.com/media-resized/1cLZeBN8nY-PSfHBjmNcqJiJ17PdMyI-4Ugfcalqwy4/fill/1440/810/ce/0/aHR0cDovL3ZpdHJhLWZyb250ZW5kLWluZ3Jlc3Mtc3RhdGljLXNraXBwZXI6OTk5OS9tZWRpYS9hc3NldC8xNTMzMDcyL3N0b3JhZ2Uvdl9mdWxsYmxlZWRfMTQ0MHgvMjQzODQ5MzMuanBn.jpg,,White / Medium,2,1,1,0,,,2026-08-12,13
VITRA,ACCESSORIES,CORNICHES,https://static.vitra.com/media-resized/1cLZeBN8nY-PSfHBjmNcqJiJ17PdMyI-4Ugfcalqwy4/fill/1440/810/ce/0/aHR0cDovL3ZpdHJhLWZyb250ZW5kLWluZ3Jlc3Mtc3RhdGljLXNraXBwZXI6OTk5OS9tZWRpYS9hc3NldC8xNTMzMDcyL3N0b3JhZ2Uvdl9mdWxsYmxlZWRfMTQ0MHgvMjQzODQ5MzMuanBn.jpg,,White / Large,4,1,3,0,코너 손상품 1,,2026-08-12,13
VITRA,ACCESSORIES,CORNICHES,https://static.vitra.com/media-resized/1cLZeBN8nY-PSfHBjmNcqJiJ17PdMyI-4Ugfcalqwy4/fill/1440/810/ce/0/aHR0cDovL3ZpdHJhLWZyb250ZW5kLWluZ3Jlc3Mtc3RhdGljLXNraXBwZXI6OTk5OS9tZWRpYS9hc3NldC8xNTMzMDcyL3N0b3JhZ2Uvdl9mdWxsYmxlZWRfMTQ0MHgvMjQzODQ5MzMuanBn.jpg,,Dark Grey / Small,3,0,3,0,,,2026-08-12,13
VITRA,ACCESSORIES,CORNICHES,https://static.vitra.com/media-resized/1cLZeBN8nY-PSfHBjmNcqJiJ17PdMyI-4Ugfcalqwy4/fill/1440/810/ce/0/aHR0cDovL3ZpdHJhLWZyb250ZW5kLWluZ3Jlc3Mtc3RhdGljLXNraXBwZXI6OTk5OS9tZWRpYS9hc3NldC8xNTMzMDcyL3N0b3JhZ2Uvdl9mdWxsYmxlZWRfMTQ0MHgvMjQzODQ5MzMuanBn.jpg,,Dark Grey / Medium,5,3,2,0,,,2026-08-12,13
VITRA,ACCESSORIES,CORNICHES,https://static.vitra.com/media-resized/1cLZeBN8nY-PSfHBjmNcqJiJ17PdMyI-4Ugfcalqwy4/fill/1440/810/ce/0/aHR0cDovL3ZpdHJhLWZyb250ZW5kLWluZ3Jlc3Mtc3RhdGljLXNraXBwZXI6OTk5OS9tZWRpYS9hc3NldC8xNTMzMDcyL3N0b3JhZ2Uvdl9mdWxsYmxlZWRfMTQ0MHgvMjQzODQ5MzMuanBn.jpg,,Dark Grey / Large,6,3,3,0,,,2026-08-12,13
VITRA,ACCESSORIES,CORNICHES,https://static.vitra.com/media-resized/1cLZeBN8nY-PSfHBjmNcqJiJ17PdMyI-4Ugfcalqwy4/fill/1440/810/ce/0/aHR0cDovL3ZpdHJhLWZyb250ZW5kLWluZ3Jlc3Mtc3RhdGljLXNraXBwZXI6OTk5OS9tZWRpYS9hc3NldC8xNTMzMDcyL3N0b3JhZ2Uvdl9mdWxsYmxlZWRfMTQ0MHgvMjQzODQ5MzMuanBn.jpg,,Orange / Small,5,4,1,0,,,2026-08-12,13
VITRA,ACCESSORIES,CORNICHES,https://static.vitra.com/media-resized/1cLZeBN8nY-PSfHBjmNcqJiJ17PdMyI-4Ugfcalqwy4/fill/1440/810/ce/0/aHR0cDovL3ZpdHJhLWZyb250ZW5kLWluZ3Jlc3Mtc3RhdGljLXNraXBwZXI6OTk5OS9tZWRpYS9hc3NldC8xNTMzMDcyL3N0b3JhZ2Uvdl9mdWxsYmxlZWRfMTQ0MHgvMjQzODQ5MzMuanBn.jpg,,Orange / Medium,4,3,1,0,,,2026-08-12,13
VITRA,ACCESSORIES,CORNICHES,https://static.vitra.com/media-resized/1cLZeBN8nY-PSfHBjmNcqJiJ17PdMyI-4Ugfcalqwy4/fill/1440/810/ce/0/aHR0cDovL3ZpdHJhLWZyb250ZW5kLWluZ3Jlc3Mtc3RhdGljLXNraXBwZXI6OTk5OS9tZWRpYS9hc3NldC8xNTMzMDcyL3N0b3JhZ2Uvdl9mdWxsYmxlZWRfMTQ0MHgvMjQzODQ5MzMuanBn.jpg,,Orange / Large,5,5,0,0,,,2026-08-12,13
VITRA,ACCESSORIES,RAYONNAGE MURAL,https://static.vitra.com/media-resized/64Td42pFuoD5G2bKPCQUwL8hGuB8CRRxb-_lUNqM4X8/fill/1440/576/ce/0/aHR0cDovL3ZpdHJhLWZyb250ZW5kLWluZ3Jlc3Mtc3RhdGljLXNraXBwZXI6OTk5OS9tZWRpYS9hc3NldC82NTUwNjkxL3N0b3JhZ2Uvdl9mdWxsYmxlZWRfMTQ0MHgvOTExMDgwMTQuanBn.jpg,Size : W1180 x D250 x H700,Oak / Prouvé Blanc Colombe (ecru),1,1,0,0,,,2026-08-12,14
VITRA,ACCESSORIES,RAYONNAGE MURAL,https://static.vitra.com/media-resized/64Td42pFuoD5G2bKPCQUwL8hGuB8CRRxb-_lUNqM4X8/fill/1440/576/ce/0/aHR0cDovL3ZpdHJhLWZyb250ZW5kLWluZ3Jlc3Mtc3RhdGljLXNraXBwZXI6OTk5OS9tZWRpYS9hc3NldC82NTUwNjkxL3N0b3JhZ2Uvdl9mdWxsYmxlZWRfMTQ0MHgvOTExMDgwMTQuanBn.jpg,Size : W1180 x D250 x H700,Oak / Prouvé Bleu Marcoule,1,1,0,0,,,2026-08-12,14
VITRA,ACCESSORIES,COLOUR FRAME MIRROR,https://inscale.co.kr/web/upload/NNEditor/20240629/7409a64983e5a1e62cb5d5d9b4c43c76.jpg,SMALL : W385 X D75 X H480 / MEDIUM : W910 X D75 X H480 / LARGE : W580 X D75 X H1400,"Small / Blue, Orange",1,0,1,0,,,2026-08-12,14
VITRA,ACCESSORIES,COLOUR FRAME MIRROR,https://inscale.co.kr/web/upload/NNEditor/20240629/7409a64983e5a1e62cb5d5d9b4c43c76.jpg,SMALL : W385 X D75 X H480 / MEDIUM : W910 X D75 X H480 / LARGE : W580 X D75 X H1400,"Small / Green, Pink",3,1,2,0,,,2026-08-12,14
VITRA,ACCESSORIES,COLOUR FRAME MIRROR,https://inscale.co.kr/web/upload/NNEditor/20240629/7409a64983e5a1e62cb5d5d9b4c43c76.jpg,SMALL : W385 X D75 X H480 / MEDIUM : W910 X D75 X H480 / LARGE : W580 X D75 X H1400,"Medium / Blue, Orange",1,0,1,0,,,2026-08-12,14
VITRA,ACCESSORIES,COLOUR FRAME MIRROR,https://inscale.co.kr/web/upload/NNEditor/20240629/7409a64983e5a1e62cb5d5d9b4c43c76.jpg,SMALL : W385 X D75 X H480 / MEDIUM : W910 X D75 X H480 / LARGE : W580 X D75 X H1400,"Medium / Green, Pink",2,0,2,0,,,2026-08-12,14
VITRA,ACCESSORIES,COLOUR FRAME MIRROR,https://inscale.co.kr/web/upload/NNEditor/20240629/7409a64983e5a1e62cb5d5d9b4c43c76.jpg,SMALL : W385 X D75 X H480 / MEDIUM : W910 X D75 X H480 / LARGE : W580 X D75 X H1400,Large / Neutral,1,0,1,0,,,2026-08-12,14
VITRA,ACCESSORIES,VASES DECOUPAGE BOUCLE,https://inscale.co.kr/web/product/big/202308/509dab6b608473400ce007d74d17184b.jpg,Size : W170 x Ø120 x H610,,6,4,0,2,,,2026-08-12,15
VITRA,ACCESSORIES,VASES DECOUPAGE BARRE,https://inscale.co.kr/web/product/big/202308/d4a6a070d1993a604025c75ba5b0e505.jpg,Size : W260 x Ø120 x H650,,3,0,1,2,,,2026-08-12,15
VITRA,ACCESSORIES,EAMES ELEPHANT,https://static.vitra.com/media-resized/mRsqfReyalc4xVUz_xuMjprqmgQC0qMKfHmk5YhNbko/fill/1440/576/ce/0/aHR0cDovL3ZpdHJhLWZyb250ZW5kLWluZ3Jlc3Mtc3RhdGljLXNraXBwZXI6OTk5OS9tZWRpYS9hc3NldC85NTk3NzAwL3N0b3JhZ2Uvdl9mdWxsYmxlZWRfMTQ0MHgvODc1ODU1OTguanBn.jpg,Size : W350 × D785 × H415 / Small : W175 × D390 × H210,Small / Canary,5,3,2,0,,,2026-08-12,16
VITRA,ACCESSORIES,EAMES ELEPHANT,https://static.vitra.com/media-resized/mRsqfReyalc4xVUz_xuMjprqmgQC0qMKfHmk5YhNbko/fill/1440/576/ce/0/aHR0cDovL3ZpdHJhLWZyb250ZW5kLWluZ3Jlc3Mtc3RhdGljLXNraXBwZXI6OTk5OS9tZWRpYS9hc3NldC85NTk3NzAwL3N0b3JhZ2Uvdl9mdWxsYmxlZWRfMTQ0MHgvODc1ODU1OTguanBn.jpg,Size : W350 × D785 × H415 / Small : W175 × D390 × H210,Small / White,8,7,1,0,,,2026-08-12,16
VITRA,ACCESSORIES,EAMES ELEPHANT,https://static.vitra.com/media-resized/mRsqfReyalc4xVUz_xuMjprqmgQC0qMKfHmk5YhNbko/fill/1440/576/ce/0/aHR0cDovL3ZpdHJhLWZyb250ZW5kLWluZ3Jlc3Mtc3RhdGljLXNraXBwZXI6OTk5OS9tZWRpYS9hc3NldC85NTk3NzAwL3N0b3JhZ2Uvdl9mdWxsYmxlZWRfMTQ0MHgvODc1ODU1OTguanBn.jpg,Size : W350 × D785 × H415 / Small : W175 × D390 × H210,Small / Pale rose,8,7,1,0,,,2026-08-12,16
VITRA,ACCESSORIES,EAMES ELEPHANT,https://static.vitra.com/media-resized/mRsqfReyalc4xVUz_xuMjprqmgQC0qMKfHmk5YhNbko/fill/1440/576/ce/0/aHR0cDovL3ZpdHJhLWZyb250ZW5kLWluZ3Jlc3Mtc3RhdGljLXNraXBwZXI6OTk5OS9tZWRpYS9hc3NldC85NTk3NzAwL3N0b3JhZ2Uvdl9mdWxsYmxlZWRfMTQ0MHgvODc1ODU1OTguanBn.jpg,Size : W350 × D785 × H415 / Small : W175 × D390 × H210,Small / Buttercup,2,1,1,0,,,2026-08-12,16
VITRA,ACCESSORIES,EAMES ELEPHANT,https://static.vitra.com/media-resized/mRsqfReyalc4xVUz_xuMjprqmgQC0qMKfHmk5YhNbko/fill/1440/576/ce/0/aHR0cDovL3ZpdHJhLWZyb250ZW5kLWluZ3Jlc3Mtc3RhdGljLXNraXBwZXI6OTk5OS9tZWRpYS9hc3NldC85NTk3NzAwL3N0b3JhZ2Uvdl9mdWxsYmxlZWRfMTQ0MHgvODc1ODU1OTguanBn.jpg,Size : W350 × D785 × H415 / Small : W175 × D390 × H210,Small / Emerald,3,3,0,0,,,2026-08-12,16
VITRA,ACCESSORIES,EAMES ELEPHANT,https://static.vitra.com/media-resized/mRsqfReyalc4xVUz_xuMjprqmgQC0qMKfHmk5YhNbko/fill/1440/576/ce/0/aHR0cDovL3ZpdHJhLWZyb250ZW5kLWluZ3Jlc3Mtc3RhdGljLXNraXBwZXI6OTk5OS9tZWRpYS9hc3NldC85NTk3NzAwL3N0b3JhZ2Uvdl9mdWxsYmxlZWRfMTQ0MHgvODc1ODU1OTguanBn.jpg,Size : W350 × D785 × H415 / Small : W175 × D390 × H210,White,1,1,0,0,,,2026-08-12,16
VITRA,ACCESSORIES,EAMES ELEPHANT,https://static.vitra.com/media-resized/mRsqfReyalc4xVUz_xuMjprqmgQC0qMKfHmk5YhNbko/fill/1440/576/ce/0/aHR0cDovL3ZpdHJhLWZyb250ZW5kLWluZ3Jlc3Mtc3RhdGljLXNraXBwZXI6OTk5OS9tZWRpYS9hc3NldC85NTk3NzAwL3N0b3JhZ2Uvdl9mdWxsYmxlZWRfMTQ0MHgvODc1ODU1OTguanBn.jpg,Size : W350 × D785 × H415 / Small : W175 × D390 × H210,Black,1,0,1,0,,,2026-08-12,16
VITRA,ACCESSORIES,HAPPY BIN,https://static.vitra.com/media-resized/IqAPHtq85-acsHfGNDAyUZtu4wPqNCr-bCJ9aQ7No08/fill/1440/576/ce/0/aHR0cDovL3ZpdHJhLWZyb250ZW5kLWluZ3Jlc3Mtc3RhdGljLXNraXBwZXI6OTk5OS9tZWRpYS9hc3NldC84NDI5MjM1L3N0b3JhZ2Uvdl9mdWxsYmxlZWRfMTQ0MHgvNzgxODEzNzYuanBn.jpg,Size : / SMALL : Ø235 X H295 / LARGE : Ø300 X H375,Large / Basic dark,5,4,1,0,,,2026-08-12,16
VITRA,ACCESSORIES,HAPPY BIN,https://static.vitra.com/media-resized/IqAPHtq85-acsHfGNDAyUZtu4wPqNCr-bCJ9aQ7No08/fill/1440/576/ce/0/aHR0cDovL3ZpdHJhLWZyb250ZW5kLWluZ3Jlc3Mtc3RhdGljLXNraXBwZXI6OTk5OS9tZWRpYS9hc3NldC84NDI5MjM1L3N0b3JhZ2Uvdl9mdWxsYmxlZWRfMTQ0MHgvNzgxODEzNzYuanBn.jpg,Size : / SMALL : Ø235 X H295 / LARGE : Ø300 X H375,Large / White,1,1,0,0,,,2026-08-12,16
VITRA,ACCESSORIES,TOOL BOX,https://static.vitra.com/media-resized/7AFBNGylHdbiclIaEiypYRjaXoKOFnAvMNmSdjD-HEo/fill/1440/576/ce/0/aHR0cDovL3ZpdHJhLWZyb250ZW5kLWluZ3Jlc3Mtc3RhdGljLXNraXBwZXI6OTk5OS9tZWRpYS9hc3NldC8yMzkyNzkzL3N0b3JhZ2Uvdl9mdWxsYmxlZWRfMTQ0MHgvMzMwNzU3MDEuanBn.jpg,Size : W327 × D167 × H156-81,Basic dark,10,8,2,0,,,2026-08-12,17
VITRA,ACCESSORIES,TOOL BOX,https://static.vitra.com/media-resized/7AFBNGylHdbiclIaEiypYRjaXoKOFnAvMNmSdjD-HEo/fill/1440/576/ce/0/aHR0cDovL3ZpdHJhLWZyb250ZW5kLWluZ3Jlc3Mtc3RhdGljLXNraXBwZXI6OTk5OS9tZWRpYS9hc3NldC8yMzkyNzkzL3N0b3JhZ2Uvdl9mdWxsYmxlZWRfMTQ0MHgvMzMwNzU3MDEuanBn.jpg,Size : W327 × D167 × H156-81,Moss grey,11,10,1,0,,,2026-08-12,17
VITRA,ACCESSORIES,TOOL BOX,https://static.vitra.com/media-resized/7AFBNGylHdbiclIaEiypYRjaXoKOFnAvMNmSdjD-HEo/fill/1440/576/ce/0/aHR0cDovL3ZpdHJhLWZyb250ZW5kLWluZ3Jlc3Mtc3RhdGljLXNraXBwZXI6OTk5OS9tZWRpYS9hc3NldC8yMzkyNzkzL3N0b3JhZ2Uvdl9mdWxsYmxlZWRfMTQ0MHgvMzMwNzU3MDEuanBn.jpg,Size : W327 × D167 × H156-81,Sea blue,2,2,0,0,,,2026-08-12,17
VITRA,ACCESSORIES,TOOL BOX,https://static.vitra.com/media-resized/7AFBNGylHdbiclIaEiypYRjaXoKOFnAvMNmSdjD-HEo/fill/1440/576/ce/0/aHR0cDovL3ZpdHJhLWZyb250ZW5kLWluZ3Jlc3Mtc3RhdGljLXNraXBwZXI6OTk5OS9tZWRpYS9hc3NldC8yMzkyNzkzL3N0b3JhZ2Uvdl9mdWxsYmxlZWRfMTQ0MHgvMzMwNzU3MDEuanBn.jpg,Size : W327 × D167 × H156-81,Mint green,3,3,0,0,,,2026-08-12,17
VITRA,ACCESSORIES,TOOL BOX,https://static.vitra.com/media-resized/7AFBNGylHdbiclIaEiypYRjaXoKOFnAvMNmSdjD-HEo/fill/1440/576/ce/0/aHR0cDovL3ZpdHJhLWZyb250ZW5kLWluZ3Jlc3Mtc3RhdGljLXNraXBwZXI6OTk5OS9tZWRpYS9hc3NldC8yMzkyNzkzL3N0b3JhZ2Uvdl9mdWxsYmxlZWRfMTQ0MHgvMzMwNzU3MDEuanBn.jpg,Size : W327 × D167 × H156-81,White,8,8,0,0,,,2026-08-12,17
VITRA,ACCESSORIES,TOOL BOX,https://static.vitra.com/media-resized/7AFBNGylHdbiclIaEiypYRjaXoKOFnAvMNmSdjD-HEo/fill/1440/576/ce/0/aHR0cDovL3ZpdHJhLWZyb250ZW5kLWluZ3Jlc3Mtc3RhdGljLXNraXBwZXI6OTk5OS9tZWRpYS9hc3NldC8yMzkyNzkzL3N0b3JhZ2Uvdl9mdWxsYmxlZWRfMTQ0MHgvMzMwNzU3MDEuanBn.jpg,Size : W327 × D167 × H156-81,Pale rose,12,11,1,0,,,2026-08-12,17
VITRA,ACCESSORIES,TOOL BOX,https://static.vitra.com/media-resized/7AFBNGylHdbiclIaEiypYRjaXoKOFnAvMNmSdjD-HEo/fill/1440/576/ce/0/aHR0cDovL3ZpdHJhLWZyb250ZW5kLWluZ3Jlc3Mtc3RhdGljLXNraXBwZXI6OTk5OS9tZWRpYS9hc3NldC8yMzkyNzkzL3N0b3JhZ2Uvdl9mdWxsYmxlZWRfMTQ0MHgvMzMwNzU3MDEuanBn.jpg,Size : W327 × D167 × H156-81,Grey,9,9,0,0,,,2026-08-12,17
VITRA,ACCESSORIES,HIGH TRAY,https://static.vitra.com/media-resized/8JY1KHtMJYBvw9BriZowcMiNPR6MRMKgQ0dWpOOnCsw/fill/1440/576/ce/0/aHR0cDovL3ZpdHJhLWZyb250ZW5kLWluZ3Jlc3Mtc3RhdGljLXNraXBwZXI6OTk5OS9tZWRpYS9hc3NldC8yMDIyMTc3L3N0b3JhZ2Uvdl9mdWxsYmxlZWRfMTQ0MHgvMjk4NzkyMDkuanBn.jpg,Size : Ø300 X H150,Dark brick,9,7,2,0,,,2026-08-12,17
VITRA,ACCESSORIES,HIGH TRAY,https://static.vitra.com/media-resized/8JY1KHtMJYBvw9BriZowcMiNPR6MRMKgQ0dWpOOnCsw/fill/1440/576/ce/0/aHR0cDovL3ZpdHJhLWZyb250ZW5kLWluZ3Jlc3Mtc3RhdGljLXNraXBwZXI6OTk5OS9tZWRpYS9hc3NldC8yMDIyMTc3L3N0b3JhZ2Uvdl9mdWxsYmxlZWRfMTQ0MHgvMjk4NzkyMDkuanBn.jpg,Size : Ø300 X H150,White,10,9,1,0,,,2026-08-12,17
VITRA,ACCESSORIES,HIGH TRAY,https://static.vitra.com/media-resized/8JY1KHtMJYBvw9BriZowcMiNPR6MRMKgQ0dWpOOnCsw/fill/1440/576/ce/0/aHR0cDovL3ZpdHJhLWZyb250ZW5kLWluZ3Jlc3Mtc3RhdGljLXNraXBwZXI6OTk5OS9tZWRpYS9hc3NldC8yMDIyMTc3L3N0b3JhZ2Uvdl9mdWxsYmxlZWRfMTQ0MHgvMjk4NzkyMDkuanBn.jpg,Size : Ø300 X H150,Deep Black,2,2,0,0,,,2026-08-12,17
VITRA,ACCESSORIES,HIGH TRAY,https://static.vitra.com/media-resized/8JY1KHtMJYBvw9BriZowcMiNPR6MRMKgQ0dWpOOnCsw/fill/1440/576/ce/0/aHR0cDovL3ZpdHJhLWZyb250ZW5kLWluZ3Jlc3Mtc3RhdGljLXNraXBwZXI6OTk5OS9tZWRpYS9hc3NldC8yMDIyMTc3L3N0b3JhZ2Uvdl9mdWxsYmxlZWRfMTQ0MHgvMjk4NzkyMDkuanBn.jpg,Size : Ø300 X H150,Ivy,12,10,2,0,,,2026-08-12,17
VITRA,ACCESSORIES,ROTARY TRAY,https://static.vitra.com/media-resized/rmWRx3RpJQwxX_QO9LzjgjJ2ail9L3L8vpCIYWgjaMI/fill/1440/576/ce/0/aHR0cDovL3ZpdHJhLWZyb250ZW5kLWluZ3Jlc3Mtc3RhdGljLXNraXBwZXI6OTk5OS9tZWRpYS9hc3NldC8yMDMyMjg1L3N0b3JhZ2Uvdl9mdWxsYmxlZWRfMTQ0MHgvMzAwNTYwODAuanBn.jpg,Size : Ø300-Ø170 X 120,Teak Brown,1,1,0,0,,,2026-08-12,17
VITRA,ACCESSORIES,PLYWOOD MOBILE,https://static.vitra.com/media-resized/DNWu760ZrwYlMCQu-FpcoHz9dziT490uiu5sMNeehm4/fill/1440/810/ce/0/aHR0cDovL3ZpdHJhLWZyb250ZW5kLWluZ3Jlc3Mtc3RhdGljLXNraXBwZXI6OTk5OS9tZWRpYS9hc3NldC85NjAwMTg3L3N0b3JhZ2Uvdl9mdWxsYmxlZWRfMTQ0MHgvODc4OTc3NjQuanBn.jpg,Size : / AL / Special A : W380 X H480 / C / Special B : W480 X H515,AL / Black,3,3,0,0,,,2026-08-12,18
VITRA,ACCESSORIES,PLYWOOD MOBILE,https://static.vitra.com/media-resized/DNWu760ZrwYlMCQu-FpcoHz9dziT490uiu5sMNeehm4/fill/1440/810/ce/0/aHR0cDovL3ZpdHJhLWZyb250ZW5kLWluZ3Jlc3Mtc3RhdGljLXNraXBwZXI6OTk5OS9tZWRpYS9hc3NldC85NjAwMTg3L3N0b3JhZ2Uvdl9mdWxsYmxlZWRfMTQ0MHgvODc4OTc3NjQuanBn.jpg,Size : / AL / Special A : W380 X H480 / C / Special B : W480 X H515,C / Black,2,2,0,0,,,2026-08-12,18
VITRA,ACCESSORIES,PLYWOOD MOBILE,https://static.vitra.com/media-resized/DNWu760ZrwYlMCQu-FpcoHz9dziT490uiu5sMNeehm4/fill/1440/810/ce/0/aHR0cDovL3ZpdHJhLWZyb250ZW5kLWluZ3Jlc3Mtc3RhdGljLXNraXBwZXI6OTk5OS9tZWRpYS9hc3NldC85NjAwMTg3L3N0b3JhZ2Uvdl9mdWxsYmxlZWRfMTQ0MHgvODc4OTc3NjQuanBn.jpg,Size : / AL / Special A : W380 X H480 / C / Special B : W480 X H515,Special A / Bi-colour,2,2,0,0,,,2026-08-12,18
VITRA,ACCESSORIES,PLYWOOD MOBILE,https://static.vitra.com/media-resized/DNWu760ZrwYlMCQu-FpcoHz9dziT490uiu5sMNeehm4/fill/1440/810/ce/0/aHR0cDovL3ZpdHJhLWZyb250ZW5kLWluZ3Jlc3Mtc3RhdGljLXNraXBwZXI6OTk5OS9tZWRpYS9hc3NldC85NjAwMTg3L3N0b3JhZ2Uvdl9mdWxsYmxlZWRfMTQ0MHgvODc4OTc3NjQuanBn.jpg,Size : / AL / Special A : W380 X H480 / C / Special B : W480 X H515,Special B / Bi-colour,1,1,0,0,,,2026-08-12,18
VITRA,ACCESSORIES,UTEN.SILO RE,https://static.vitra.com/media-resized/5Ww_ZCdIQVxazhpeBoavCj7Sd9F89vDDslUZyCnznjY/fill/1440/576/ce/0/aHR0cDovL3ZpdHJhLWZyb250ZW5kLWluZ3Jlc3Mtc3RhdGljLXNraXBwZXI6OTk5OS9tZWRpYS9hc3NldC82MzcxNjA1L3N0b3JhZ2Uvdl9mdWxsYmxlZWRfMTQ0MHgvNjkxMzE1NDEuanBn.jpg,Size : / I : W670 X D65 X H870 / II : W520 X D65 X H680,Black / I,4,1,3,0,,,2026-08-12,19
VITRA,ACCESSORIES,UTEN.SILO RE,https://static.vitra.com/media-resized/5Ww_ZCdIQVxazhpeBoavCj7Sd9F89vDDslUZyCnznjY/fill/1440/576/ce/0/aHR0cDovL3ZpdHJhLWZyb250ZW5kLWluZ3Jlc3Mtc3RhdGljLXNraXBwZXI6OTk5OS9tZWRpYS9hc3NldC82MzcxNjA1L3N0b3JhZ2Uvdl9mdWxsYmxlZWRfMTQ0MHgvNjkxMzE1NDEuanBn.jpg,Size : / I : W670 X D65 X H870 / II : W520 X D65 X H680,Black / II,1,1,0,0,,,2026-08-12,19
VITRA,ACCESSORIES,UTEN.SILO RE,https://static.vitra.com/media-resized/5Ww_ZCdIQVxazhpeBoavCj7Sd9F89vDDslUZyCnznjY/fill/1440/576/ce/0/aHR0cDovL3ZpdHJhLWZyb250ZW5kLWluZ3Jlc3Mtc3RhdGljLXNraXBwZXI6OTk5OS9tZWRpYS9hc3NldC82MzcxNjA1L3N0b3JhZ2Uvdl9mdWxsYmxlZWRfMTQ0MHgvNjkxMzE1NDEuanBn.jpg,Size : / I : W670 X D65 X H870 / II : W520 X D65 X H680,White / I,1,1,0,0,,,2026-08-12,19
VITRA,ACCESSORIES,UTEN.SILO RE,https://static.vitra.com/media-resized/5Ww_ZCdIQVxazhpeBoavCj7Sd9F89vDDslUZyCnznjY/fill/1440/576/ce/0/aHR0cDovL3ZpdHJhLWZyb250ZW5kLWluZ3Jlc3Mtc3RhdGljLXNraXBwZXI6OTk5OS9tZWRpYS9hc3NldC82MzcxNjA1L3N0b3JhZ2Uvdl9mdWxsYmxlZWRfMTQ0MHgvNjkxMzE1NDEuanBn.jpg,Size : / I : W670 X D65 X H870 / II : W520 X D65 X H680,White / II,2,1,1,0,,,2026-08-12,19
VITRA,ACCESSORIES,UTEN.SILO RE,https://static.vitra.com/media-resized/5Ww_ZCdIQVxazhpeBoavCj7Sd9F89vDDslUZyCnznjY/fill/1440/576/ce/0/aHR0cDovL3ZpdHJhLWZyb250ZW5kLWluZ3Jlc3Mtc3RhdGljLXNraXBwZXI6OTk5OS9tZWRpYS9hc3NldC82MzcxNjA1L3N0b3JhZ2Uvdl9mdWxsYmxlZWRfMTQ0MHgvNjkxMzE1NDEuanBn.jpg,Size : / I : W670 X D65 X H870 / II : W520 X D65 X H680,Japanese red / I,3,1,2,0,,,2026-08-12,19
VITRA,ACCESSORIES,UTEN.SILO RE,https://static.vitra.com/media-resized/5Ww_ZCdIQVxazhpeBoavCj7Sd9F89vDDslUZyCnznjY/fill/1440/576/ce/0/aHR0cDovL3ZpdHJhLWZyb250ZW5kLWluZ3Jlc3Mtc3RhdGljLXNraXBwZXI6OTk5OS9tZWRpYS9hc3NldC82MzcxNjA1L3N0b3JhZ2Uvdl9mdWxsYmxlZWRfMTQ0MHgvNjkxMzE1NDEuanBn.jpg,Size : / I : W670 X D65 X H870 / II : W520 X D65 X H680,Japanese red / II,2,1,1,0,,,2026-08-12,19
VITRA,ACCESSORIES,WOODEN DOLL CAT,https://www.vitra.com/en-as/_storage/asset/1536144/storage/v_thumb_250x/81982176.jpg,Size : / SMALL : W50 X D36 X H170 / LARGE : W110 X D86 X H390,Small,2,2,0,0,,,2026-08-12,20
VITRA,ACCESSORIES,WOODEN DOLL CAT,https://www.vitra.com/en-as/_storage/asset/1536144/storage/v_thumb_250x/81982176.jpg,Size : / SMALL : W50 X D36 X H170 / LARGE : W110 X D86 X H390,Large,1,1,0,0,,,2026-08-12,20
VITRA,ACCESSORIES,WOODEN DOLL No. 9,https://www.vitra.com/en-as/_storage/asset/1536393/storage/v_thumb_250x/81982190.jpg,Size : / SMALL : W60 X D45 X H205 / SUPER LARGE : W275 X D185 X H820,Small,5,3,2,0,,,2026-08-12,20
VITRA,ACCESSORIES,WOODEN DOLL No. 9,https://www.vitra.com/en-as/_storage/asset/1536393/storage/v_thumb_250x/81982190.jpg,Size : / SMALL : W60 X D45 X H205 / SUPER LARGE : W275 X D185 X H820,Super Large,1,0,1,0,,,2026-08-12,20
VITRA,ACCESSORIES,WOODEN DOLL No.12,https://www.vitra.com/en-as/_storage/asset/1536406/storage/v_thumb_250x/81982193.jpg,Size : W80 X D45 X H180,,6,6,0,0,,,2026-08-12,20
VITRA,ACCESSORIES,WOODEN DOLL No. 20,https://www.vitra.com/en-as/_storage/asset/1536417/storage/v_thumb_250x/81982201.jpg,Size : W49 X D43 X H234,,5,5,0,0,,,2026-08-12,20
VITRA,ACCESSORIES,WOODEN DOLL LITTLE DEVIL,https://www.vitra.com/en-as/_storage/asset/1536151/storage/v_thumb_250x/81982180.jpg,Size : W46 X D30 X H140,,4,3,1,0,,,2026-08-12,21
VITRA,ACCESSORIES,WOODEN DOLL No. 3,https://www.vitra.com/en-as/_storage/asset/1536155/storage/v_thumb_250x/81982183.jpg,Size : W80 X D45 X H145,,1,1,0,0,,,2026-08-12,21
VITRA,ACCESSORIES,WOODEN DOLL No. 5,https://www.vitra.com/en-as/_storage/asset/1536165/storage/v_thumb_250x/81982185.jpg,Size : W50 X D35 X H270,,4,4,0,0,,,2026-08-12,21
VITRA,ACCESSORIES,L’OISEAU,https://static.vitra.com/media-resized/GnJFGn7bcyiEFnGIvALhfAV2eSY8AFlp-dU_hq1LPHE/fill/1440/644/ce/0/aHR0cDovL3ZpdHJhLWZyb250ZW5kLWluZ3Jlc3Mtc3RhdGljLXNraXBwZXI6OTk5OS9tZWRpYS9hc3NldC8xNjg3NjQwL3N0b3JhZ2Uvdl9mdWxsYmxlZWRfMTQ0MHgvMjEwMzcwMDMuanBn.jpg,Size : W60 X D245 X H150,Ceramic / Charcoal glaze,4,4,0,0,,,2026-08-12,22
VITRA,ACCESSORIES,L’OISEAU,https://static.vitra.com/media-resized/GnJFGn7bcyiEFnGIvALhfAV2eSY8AFlp-dU_hq1LPHE/fill/1440/644/ce/0/aHR0cDovL3ZpdHJhLWZyb250ZW5kLWluZ3Jlc3Mtc3RhdGljLXNraXBwZXI6OTk5OS9tZWRpYS9hc3NldC8xNjg3NjQwL3N0b3JhZ2Uvdl9mdWxsYmxlZWRfMTQ0MHgvMjEwMzcwMDMuanBn.jpg,Size : W60 X D245 X H150,Ceramic / Ivy glaze,3,3,0,0,,,2026-08-12,22
VITRA,ACCESSORIES,L’OISEAU,https://static.vitra.com/media-resized/GnJFGn7bcyiEFnGIvALhfAV2eSY8AFlp-dU_hq1LPHE/fill/1440/644/ce/0/aHR0cDovL3ZpdHJhLWZyb250ZW5kLWluZ3Jlc3Mtc3RhdGljLXNraXBwZXI6OTk5OS9tZWRpYS9hc3NldC8xNjg3NjQwL3N0b3JhZ2Uvdl9mdWxsYmxlZWRfMTQ0MHgvMjEwMzcwMDMuanBn.jpg,Size : W60 X D245 X H150,Ceramic / Ivory glaze,1,1,0,0,,,2026-08-12,22
VITRA,ACCESSORIES,EAMES HOUSE WHALE,https://static.vitra.com/media-resized/7eapW0CI9A6jrNHrHaLOFHmVvCpvkVGPozaXAnBoph8/fill/1440/576/ce/0/aHR0cDovL3ZpdHJhLWZyb250ZW5kLWluZ3Jlc3Mtc3RhdGljLXNraXBwZXI6OTk5OS9tZWRpYS9hc3NldC8zMjMyNDUyL3N0b3JhZ2Uvdl9mdWxsYmxlZWRfMTQ0MHgvNDc0MDM3MzIuanBn.jpg,Size : W700 X H140,,3,2,1,0,,,2026-08-12,22
VITRA,ACCESSORIES,EAMES HOUSE BIRD,https://www.vitra.com/en-as/_storage/asset/9600207/storage/v_thumb_250x/87590981.jpg,Size : W278 X D85 X H276,Ash / Black,4,3,1,0,,,2026-08-12,22
VITRA,ACCESSORIES,METAL WALL RELIEF MAGIC SNAKE,https://www.vitra.com/en-as/_storage/asset/2783560/storage/v_thumb_250x/81983679.jpg,Size : W966 X D99 X H17,,3,2,1,0,,,2026-08-12,23
VITRA,ACCESSORIES,METAL WALL RELIEF INTERNATIONAL LOVE HEART,https://inscale.co.kr/web/product/medium/202606/3bdb201a42e965fbe1c1cdeb91c07d72.jpg,Size : W600 X D42 X H485,,4,3,1,0,,,2026-08-12,23
VITRA,ACCESSORIES,METAL WALL RELIEF DOVE,https://encrypted-tbn0.gstatic.com/images?q=tbn:ANd9GcQqQH0DCl8NmRA4IwtvhvF_v0AH6f53o40Djok9xbR1BiYYsOBZe2RlIoE&s=10,Size : W403 X D42 X H181,,1,1,0,0,,,2026-08-12,23
VITRA,ACCESSORIES,METAL WALL RELIEF LITTLE HEART,https://inscale.co.kr/web/product/medium/202606/712df9a5f48ded8ac88dffdf190ab7a6.jpg,Size : W270 X D42 X H240,Red,9,8,1,0,,,2026-08-12,23
VITRA,ACCESSORIES,METAL WALL RELIEF ARROW,https://ecimg.cafe24img.com/pg2286b86462258043/chairgallery001/web/product/big/shop1_7f9ebb1c734000220c7c6b71532cc55f.jpg,Size : W400 X D42 X H240,,1,1,0,0,,,2026-08-12,23
VITRA,ACCESSORIES,CLASSIC TRAY DOT PATTERN,https://inscale.co.kr/web/product/big/202512/a6f928b448d6fa6605dfdbeabc667feb.jpg,Size : / MEDIUM : W360 X D280 X H20 / LARGE : W460 X D360 X H20,Medium / Light/White,3,3,0,0,,,2026-08-12,24
VITRA,ACCESSORIES,CLASSIC TRAY DOT PATTERN,https://inscale.co.kr/web/product/big/202512/a6f928b448d6fa6605dfdbeabc667feb.jpg,Size : / MEDIUM : W360 X D280 X H20 / LARGE : W460 X D360 X H20,Medium / Dark/Bla,4,3,1,0,,,2026-08-12,24
VITRA,ACCESSORIES,Candle Holder Star,https://inscale.co.kr/web/product/big/202311/dbbfe9c464115b6920a00d35537674e9.jpg,Size : Ø103 X H55,Brass,5,2,3,0,,,2026-08-12,24
VITRA,ACCESSORIES,NUAGE (ceramique),https://static.vitra.com/media-resized/PIxrJW3HL8ydjC0vZHgySY_3_L6vaMuPWEupDySuzGU/fill/1440/576/ce/0/aHR0cDovL3ZpdHJhLWZyb250ZW5kLWluZ3Jlc3Mtc3RhdGljLXNraXBwZXI6OTk5OS9tZWRpYS9hc3NldC8yMDI2MTQ5L3N0b3JhZ2Uvdl9mdWxsYmxlZWRfMTQ0MHgvMjk4OTc1MDIuanBn.jpg,SMALL : W195 X D110 X H80 / MEDIUM : W195 X D110 X H160 / LARGE : W195 X D110 X H270,White / Small,4,3,1,0,,,2026-08-12,25
VITRA,ACCESSORIES,NUAGE (ceramique),https://static.vitra.com/media-resized/PIxrJW3HL8ydjC0vZHgySY_3_L6vaMuPWEupDySuzGU/fill/1440/576/ce/0/aHR0cDovL3ZpdHJhLWZyb250ZW5kLWluZ3Jlc3Mtc3RhdGljLXNraXBwZXI6OTk5OS9tZWRpYS9hc3NldC8yMDI2MTQ5L3N0b3JhZ2Uvdl9mdWxsYmxlZWRfMTQ0MHgvMjk4OTc1MDIuanBn.jpg,SMALL : W195 X D110 X H80 / MEDIUM : W195 X D110 X H160 / LARGE : W195 X D110 X H270,White / Medium,4,3,1,0,,,2026-08-12,25
VITRA,ACCESSORIES,NUAGE (ceramique),https://static.vitra.com/media-resized/PIxrJW3HL8ydjC0vZHgySY_3_L6vaMuPWEupDySuzGU/fill/1440/576/ce/0/aHR0cDovL3ZpdHJhLWZyb250ZW5kLWluZ3Jlc3Mtc3RhdGljLXNraXBwZXI6OTk5OS9tZWRpYS9hc3NldC8yMDI2MTQ5L3N0b3JhZ2Uvdl9mdWxsYmxlZWRfMTQ0MHgvMjk4OTc1MDIuanBn.jpg,SMALL : W195 X D110 X H80 / MEDIUM : W195 X D110 X H160 / LARGE : W195 X D110 X H270,White / Large,4,3,1,0,,,2026-08-12,25
VITRA,ACCESSORIES,CERAMIC CONTAINER No. 1,https://static.vitra.com/media-resized/PuocG6BOroq5D16fhwhJB8jPQbe-vfu7Qa0znxlg6rw/fill/1440/576/ce/0/aHR0cDovL3ZpdHJhLWZyb250ZW5kLWluZ3Jlc3Mtc3RhdGljLXNraXBwZXI6OTk5OS9tZWRpYS9hc3NldC80NjQwNjE3L3N0b3JhZ2Uvdl9mdWxsYmxlZWRfMTQ0MHgvNTYwMjU5ODcuanBn.jpg,Size : Ø180 X H330,Cream,3,3,0,0,,,2026-08-12,25
VITRA,ACCESSORIES,CERAMIC CONTAINER No. 2,https://static.vitra.com/media-resized/YjXX2KWV1_WAoTAyIaYTmauMpF8pU4UzGRgKW9LIjxU/fill/1440/576/ce/0/aHR0cDovL3ZpdHJhLWZyb250ZW5kLWluZ3Jlc3Mtc3RhdGljLXNraXBwZXI6OTk5OS9tZWRpYS9hc3NldC80NjQwNjE4L3N0b3JhZ2Uvdl9mdWxsYmxlZWRfMTQ0MHgvNTYwMjYxODkuanBn.jpg,Size : Ø140 X H250,Cream,4,4,0,0,,,2026-08-12,25
VITRA,CLOCKS,BALL CLOCK,https://inscale.co.kr/web/product/medium/202606/08284c791db0e45d6b70b4792f7da5b4.jpg,Size : Ø330,Black / Brass,5,4,1,0,,,2026-08-12,26
VITRA,CLOCKS,BALL CLOCK,https://inscale.co.kr/web/product/medium/202606/08284c791db0e45d6b70b4792f7da5b4.jpg,Size : Ø330,Natural,3,3,0,0,,,2026-08-12,26
VITRA,CLOCKS,SUNBURST CLOCK,https://inscale.co.kr/web/product/medium/202606/1f0391eea7ac502cc955f45ce11082aa.jpg,Size : Ø470,Walnut,4,4,0,0,,,2026-08-12,26
VITRA,CLOCKS,SUNBURST CLOCK,https://inscale.co.kr/web/product/medium/202606/1f0391eea7ac502cc955f45ce11082aa.jpg,Size : Ø470,Black / Brass,5,4,1,0,,,2026-08-12,26
VITRA,CLOCKS,TURBINE CLOCK,https://inscale.co.kr/web/product/medium/202308/7a27812562f6418100cb28a0dcc46b27.jpg,Size : Ø765,Brass / Aluminium,1,0,1,0,,,2026-08-12,26
VITRA,CLOCKS,STAR CLOCK,https://inscale.co.kr/web/product/medium/202308/c2d9c0c3004e910b5fc281d21c09d25a.jpg,Size : Ø610,,4,3,1,0,,,2026-08-12,26
VITRA,CLOCKS,ASTERISK CLOCK,https://inscale.co.kr/web/product/medium/202308/43bbcea9101cf0f58255ca928ad25808.jpg,Size : Ø250,Metal / Black,3,2,1,0,,,2026-08-12,27
VITRA,CLOCKS,ASTERISK CLOCK,https://inscale.co.kr/web/product/medium/202308/43bbcea9101cf0f58255ca928ad25808.jpg,Size : Ø250,Brass,4,3,1,0,,,2026-08-12,27
VITRA,CLOCKS,EYE CLOCK,https://inscale.co.kr/web/product/medium/202606/c19bf80763292809f46922fc95fe2ae6.jpg,Size : W760 X H340,,4,3,1,0,,,2026-08-12,27
VITRA,CLOCKS,NIGHT CLOCK,https://inscale.co.kr/web/product/medium/202308/056bd6dcb7d3acbcc2984f26e1ff63bf.jpg,Size : W108 X D115 X H148,Acrylic glass / Brass,3,2,1,0,,,2026-08-12,27
VITRA,CLOCKS,NIGHT CLOCK,https://inscale.co.kr/web/product/medium/202308/056bd6dcb7d3acbcc2984f26e1ff63bf.jpg,Size : W108 X D115 X H148,"Acrylic glass / Brass, black",4,3,1,0,,,2026-08-12,27
VITRA,PANTON 100,PANTON CUBE Duck,https://media.vitra.com/static/media/fc6750a40fb30989bbe944d0e72f4693/9818748/storage/preview/91244130.jpg/0,Size : W180 X D480 X H420,Duo-tone,5,0,0,5,,"₩382,000",2026-08-12,29
VITRA,PANTON 100,PANTON CUBE Duck,https://media.vitra.com/static/media/fc6750a40fb30989bbe944d0e72f4693/9818748/storage/preview/91244130.jpg/0,Size : W180 X D480 X H420,Chrome,5,0,0,5,,"₩493,000",2026-08-12,29
VITRA,PANTON 100,PANTON CUBE Flamingo,https://media.vitra.com/static/media/7ce38565849c4fa55eba64198b643e29/9818754/storage/preview/91356944.jpg/0,Size : W180 X D600 X H600,Duo-tone,5,0,0,5,,"₩567,000",2026-08-12,29
VITRA,PANTON 100,PANTON CUBE Flamingo,https://media.vitra.com/static/media/7ce38565849c4fa55eba64198b643e29/9818754/storage/preview/91356944.jpg/0,Size : W180 X D600 X H600,Chrome,5,0,0,5,,"₩703,000",2026-08-12,29
VITRA,PANTON 100,PANTON CUBE Giraffe,https://media.vitra.com/static/media/10425a518cc31b2352f93ba03acbf06c/9818756/storage/preview/91356950.jpg/0,Size : W180 X D540 X H900,Duo-tone,10,0,0,10,,"₩740,000",2026-08-12,29
VITRA,PANTON 100,PANTON CUBE Giraffe,https://media.vitra.com/static/media/10425a518cc31b2352f93ba03acbf06c/9818756/storage/preview/91356950.jpg/0,Size : W180 X D540 X H900,Chrome,10,0,0,10,,"₩937,000",2026-08-12,29
VITRA,PANTON 100,PANTON CUBE Cat,https://media.vitra.com/static/media/ae7c599bb02fc57256b44b2786256a93/9818750/storage/preview/91356932.jpg/0,Size : W180 X D540 X H600,Duo-tone,10,0,0,10,,"₩777,000",2026-08-12,29
VITRA,PANTON 100,PANTON CUBE Cat,https://media.vitra.com/static/media/ae7c599bb02fc57256b44b2786256a93/9818750/storage/preview/91356932.jpg/0,Size : W180 X D540 X H600,Chrome,10,0,0,10,,"₩974,000",2026-08-12,29
VITRA,PANTON 100,PANTON CHAIR,https://media.vitra.com/static/media/629c22c380203ec917c14493d9d557da/9655155/storage/preview/89861541.jpg/0,Size : W500 x D610 x H415 - 860,GOLD(100 YEARS LIMITED),30,0,0,30,2(8월 에어),"₩6,480,000",2026-08-12,30
VITRA,PANTON 100,PANTON CHAIR,https://media.vitra.com/static/media/629c22c380203ec917c14493d9d557da/9655155/storage/preview/89861541.jpg/0,Size : W500 x D610 x H440 – 860,Electric Blue(Limited Edition 2026),35,0,0,35,"31(8월), 4(9월)","₩620,000",2026-08-12,30
VITRA,PANTON 100,PANTON CHAIR,https://media.vitra.com/static/media/629c22c380203ec917c14493d9d557da/9655155/storage/preview/89861541.jpg/0,Size : W500 x D610 x H440 – 860,Bright Turquoise(Limited Edition 2026),35,0,0,35,"31(8월), 4(9월)","₩620,000",2026-08-12,30
VITRA,PANTON 100,PANTON CHAIR,https://media.vitra.com/static/media/629c22c380203ec917c14493d9d557da/9655155/storage/preview/89861541.jpg/0,Size : W500 x D610 x H440 – 860,Bold Orange(Limited Edition 2026),40,0,0,40,"35(8월), 5(9월)","₩620,000",2026-08-12,30
VITRA,PANTON 100,PANTON CHAIR,https://media.vitra.com/static/media/629c22c380203ec917c14493d9d557da/9655155/storage/preview/89861541.jpg/0,Size : W500 x D610 x H440 – 860,Flash Red(Limited Edition 2026),40,0,0,40,"35(8월), 5(9월)","₩620,000",2026-08-12,30
VITRA,PANTON 100,HEART CONE CHAIR,https://inscale.co.kr/web/product/big/202602/5b88e83ccd5048459731987740d9c45e.jpg,Size : W680 × D840 × H415-825,Black Steel / Duotone / Kvadrat Divina 3 782/692,18,13,1,4,2개 체어갤러리 보내줘야함,"₩6,450,000",2026-08-12,31
VITRA,PANTON 100,HEART CONE CHAIR,https://inscale.co.kr/web/product/big/202602/5b88e83ccd5048459731987740d9c45e.jpg,Size : W680 × D840 × H415-825,Black Steel / Fabric Cat. Volo Night blue,1,0,0,1,,"₩5,570,000",2026-08-12,31
VITRA,PANTON 100,HEART CONE CHAIR,https://inscale.co.kr/web/product/big/202602/5b88e83ccd5048459731987740d9c45e.jpg,Size : W680 × D840 × H415-825,Steel / Leather Cat. Leather Premium F Cognac,2,2,0,0,,"₩8,360,000",2026-08-12,31
VITRA,PANTON 100,CONE CHAIR,https://inscale.co.kr/web/product/big/202602/5b88e83ccd5048459731987740d9c45e.jpg,Size : W570 × D625 × H820-490,Black Steel / Fabric Cat. Cosy 2 Petrol,1,0,0,1,,"₩3,960,000",2026-08-12,31
VITRA,PANTON 100,LIVING TOWER,https://inscale.co.kr/web/product/big/202608/3ae79326d1b2188c73b331bb7323f368.jpg,Size : W2070 × D630 × H2060,Fabric Cat. Volo 26 Forest,1,1,0,0,,"₩34,700,000",2026-08-12,31
VITRA,PANTON 100,Antony Limited Edition,https://static.vitra.com/products/20252101.jpg,Size : W505 × D671 × H325-880,"Plywood Veneer Chestnut, Black",100,0,0,100,33(9월),"₩3,700,000",2026-08-12,31
VITRA,PANTON 100,AMOEBE,https://inscale.co.kr/web/product/big/202605/9040427f502a8c2125bfa347bf757b60.jpg,Size : W650 × D860 × H820-350,Kvadrat Argo2 0633,3,2,1,0,,"₩13,410,000",2026-08-12,32
VITRA,PANTON 100,AMOEBE,https://inscale.co.kr/web/product/big/202605/9040427f502a8c2125bfa347bf757b60.jpg,Size : W650 × D860 × H820-350,Kvadratt Elle 0200,3,3,0,0,,"₩6,350,000",2026-08-12,32
VITRA,PANTON 100,AMOEBE,https://inscale.co.kr/web/product/big/202605/9040427f502a8c2125bfa347bf757b60.jpg,Size : W650 × D860 × H820-350,Fabric Cat. Cosy 2 Dark blue,1,0,0,1,,"₩3,400,000",2026-08-12,32
VITRA,PANTON 100,AMOEBE,https://inscale.co.kr/web/product/big/202605/9040427f502a8c2125bfa347bf757b60.jpg,Size : W650 × D860 × H820-350,Fabric Cat. Volo Ice blue,1,0,0,1,,"₩3,160,000",2026-08-12,32
VITRA,PANTON 100,AMOEBE,https://inscale.co.kr/web/product/big/202605/9040427f502a8c2125bfa347bf757b60.jpg,Size : W650 × D860 × H820-350,Fabric Cat. Hola Terracotta,2,2,0,0,,"₩3,000,000",2026-08-12,32
VITRA,PANTON 100,AMOEBE,https://inscale.co.kr/web/product/big/202605/9040427f502a8c2125bfa347bf757b60.jpg,Size : W650 × D860 × H820-350,Fabric Cat. Hola Pearl,1,1,0,0,,"₩3,000,000",2026-08-12,32
VITRA,PANTON 100,AMOEBE HIGH BACK,https://inscale.co.kr/web/product/big/202605/9040427f502a8c2125bfa347bf757b60.jpg,Size : W650 × D880 × H1275-350,Fabric Cat. Cento Salt’n pepper,1,1,0,0,,"₩5,390,000",2026-08-12,32
VITRA,PANTON 100,AMOEBE HIGH BACK,https://inscale.co.kr/web/product/big/202605/9040427f502a8c2125bfa347bf757b60.jpg,Size : W650 × D880 × H1275-350,Fabric Cat. Hola Chestnut,1,1,0,0,,"₩4,130,000",2026-08-12,32
VITRA,PANTON 100,VISIONA STOOL,https://static.vitra.com/media-resized/1oO9ynWppk626f0SGy4z78fU_ZcmSamJDWV227iTEqU/fill/1440/576/ce/0/aHR0cDovL3ZpdHJhLWZyb250ZW5kLWluZ3Jlc3Mtc3RhdGljLXNraXBwZXI6OTk5OS9tZWRpYS9hc3NldC85ODUyMzE4L3N0b3JhZ2Uvdl9mdWxsYmxlZWRfMTQ0MHgvOTEzMzE3ODAuanBn.jpg,Size : Ø420 × H410,Kvadrat Argo2 0633,3,0,0,3,,"₩6,170,000",2026-08-12,33
VITRA,PANTON 100,VISIONA STOOL,https://static.vitra.com/media-resized/1oO9ynWppk626f0SGy4z78fU_ZcmSamJDWV227iTEqU/fill/1440/576/ce/0/aHR0cDovL3ZpdHJhLWZyb250ZW5kLWluZ3Jlc3Mtc3RhdGljLXNraXBwZXI6OTk5OS9tZWRpYS9hc3NldC85ODUyMzE4L3N0b3JhZ2Uvdl9mdWxsYmxlZWRfMTQ0MHgvOTEzMzE3ODAuanBn.jpg,Size : Ø420 × H410,Kvadrat Asator 0454,3,2,1,0,,"₩1,290,000",2026-08-12,33
VITRA,PANTON 100,VISIONA STOOL,https://static.vitra.com/media-resized/1oO9ynWppk626f0SGy4z78fU_ZcmSamJDWV227iTEqU/fill/1440/576/ce/0/aHR0cDovL3ZpdHJhLWZyb250ZW5kLWluZ3Jlc3Mtc3RhdGljLXNraXBwZXI6OTk5OS9tZWRpYS9hc3NldC85ODUyMzE4L3N0b3JhZ2Uvdl9mdWxsYmxlZWRfMTQ0MHgvOTEzMzE3ODAuanBn.jpg,Size : Ø420 × H410,Fabric Cat. Cento Salt’n pepper,1,1,0,0,,"₩1,160,000",2026-08-12,33
VITRA,PANTON 100,VISIONA STOOL,https://static.vitra.com/media-resized/1oO9ynWppk626f0SGy4z78fU_ZcmSamJDWV227iTEqU/fill/1440/576/ce/0/aHR0cDovL3ZpdHJhLWZyb250ZW5kLWluZ3Jlc3Mtc3RhdGljLXNraXBwZXI6OTk5OS9tZWRpYS9hc3NldC85ODUyMzE4L3N0b3JhZ2Uvdl9mdWxsYmxlZWRfMTQ0MHgvOTEzMzE3ODAuanBn.jpg,Size : Ø420 × H410,Fabric Cat. Hola Sea green,1,1,0,0,,"₩860,000",2026-08-12,33
VITRA,PANTON 100,VISIONA STOOL,https://static.vitra.com/media-resized/1oO9ynWppk626f0SGy4z78fU_ZcmSamJDWV227iTEqU/fill/1440/576/ce/0/aHR0cDovL3ZpdHJhLWZyb250ZW5kLWluZ3Jlc3Mtc3RhdGljLXNraXBwZXI6OTk5OS9tZWRpYS9hc3NldC85ODUyMzE4L3N0b3JhZ2Uvdl9mdWxsYmxlZWRfMTQ0MHgvOTEzMzE3ODAuanBn.jpg,Size : Ø420 × H410,Fabric Cat. Hola Dark blue,1,1,0,0,,"₩860,000",2026-08-12,33
VITRA,PANTON 100,VISIONA STOOL,https://static.vitra.com/media-resized/1oO9ynWppk626f0SGy4z78fU_ZcmSamJDWV227iTEqU/fill/1440/576/ce/0/aHR0cDovL3ZpdHJhLWZyb250ZW5kLWluZ3Jlc3Mtc3RhdGljLXNraXBwZXI6OTk5OS9tZWRpYS9hc3NldC85ODUyMzE4L3N0b3JhZ2Uvdl9mdWxsYmxlZWRfMTQ0MHgvOTEzMzE3ODAuanBn.jpg,Size : Ø420 × H410,Fabric Cat. Hola Blush pink,1,1,0,0,,"₩860,000",2026-08-12,33
VITRA,PANTON 100,VISIONA STOOL,https://static.vitra.com/media-resized/1oO9ynWppk626f0SGy4z78fU_ZcmSamJDWV227iTEqU/fill/1440/576/ce/0/aHR0cDovL3ZpdHJhLWZyb250ZW5kLWluZ3Jlc3Mtc3RhdGljLXNraXBwZXI6OTk5OS9tZWRpYS9hc3NldC85ODUyMzE4L3N0b3JhZ2Uvdl9mdWxsYmxlZWRfMTQ0MHgvOTEzMzE3ODAuanBn.jpg,Size : Ø420 × H410,Fabric Cat. Hola Mint,1,1,0,0,,"₩860,000",2026-08-12,33
VITRA,PANTON 100,VISIONA STOOL,https://static.vitra.com/media-resized/1oO9ynWppk626f0SGy4z78fU_ZcmSamJDWV227iTEqU/fill/1440/576/ce/0/aHR0cDovL3ZpdHJhLWZyb250ZW5kLWluZ3Jlc3Mtc3RhdGljLXNraXBwZXI6OTk5OS9tZWRpYS9hc3NldC85ODUyMzE4L3N0b3JhZ2Uvdl9mdWxsYmxlZWRfMTQ0MHgvOTEzMzE3ODAuanBn.jpg,Size : Ø420 × H410,Fabric Cat. Hola Canary,1,1,0,0,,"₩860,000",2026-08-12,33
